10.1.1.115,422.986375ms,115.291µs
10.1.1.112,435.676292ms,73.625µs
10.1.1.113,435.939ms,110.708µs
10.1.1.116,435.846833ms,175.958µs
10.1.1.111,450.209416ms,402.291µs
10.1.1.111,450.18375ms,257.417µs
10.1.1.112,455.65675ms,47.042µs
10.1.1.116,455.996625ms,1.441625ms
10.1.1.114,456.643208ms,50.208µs
10.1.1.113,464.456917ms,58.958µs
10.1.1.116,468.014167ms,93.667µs
10.1.1.116,468.898167ms,414.75µs
10.1.1.116,482.257583ms,134.708µs
10.1.1.114,482.443ms,142.791µs
10.1.1.112,551.117834ms,304.083µs
10.1.1.113,551.107333ms,22.35975ms
10.1.1.113,556.829042ms,51.958µs
10.1.1.113,556.924375ms,97.125µs
10.1.1.116,556.907792ms,87.875µs
10.1.1.114,585.259541ms,43.834µs
10.1.1.116,585.297542ms,163.333µs
10.1.1.113,603.5695ms,55.042µs
10.1.1.113,606.6525ms,375.25µs
10.1.1.113,609.748625ms,53.709µs
10.1.1.115,622.379625ms,89.041µs
10.1.1.112,622.554666ms,111.375µs
10.1.1.116,634.978125ms,791.625µs
10.1.1.116,640.803625ms,300.083µs
10.1.1.114,641.137375ms,11.63325ms
10.1.1.112,641.043083ms,87.292µs
10.1.1.112,641.238458ms,78.292µs
10.1.1.116,641.351292ms,69.583µs
10.1.1.115,687.437292ms,102.291µs
10.1.1.112,742.9805ms,62.416µs
10.1.1.116,755.391083ms,85.167µs
10.1.1.112,757.920542ms,137.542µs
10.1.1.111,764.268334ms,56.375µs
10.1.1.116,772.1675ms,127.167667ms
10.1.1.113,772.206667ms,56.042µs
10.1.1.114,778.577208ms,45.75µs
10.1.1.114,788.277666ms,33.542µs
10.1.1.111,788.235166ms,49.125µs
10.1.1.115,804.662084ms,152.416µs
10.1.1.112,804.674042ms,166.542µs
10.1.1.114,805.169833ms,37.125µs
10.1.1.114,809.540125ms,93.515416ms
10.1.1.113,822.184334ms,46µs
10.1.1.114,829.825292ms,531.083µs
10.1.1.115,839.140542ms,41.625µs
10.1.1.116,845.719542ms,71.125µs
10.1.1.114,845.721583ms,33.334µs
10.1.1.113,849.376ms,36.25µs
10.1.1.113,862.772834ms,36.833µs
10.1.1.116,863.489875ms,71.334µs
10.1.1.114,889.046708ms,54.709µs
10.1.1.113,898.684917ms,62.959µs
10.1.1.113,898.842291ms,39.917µs
10.1.1.113,898.897125ms,39.708µs
10.1.1.112,909.925208ms,56.125µs
10.1.1.111,919.915958ms,51.208µs
10.1.1.114,926.722958ms,33µs
10.1.1.112,930.890625ms,61.917µs
10.1.1.114,958.991459ms,38.667µs
10.1.1.113,959.173417ms,38.25µs
10.1.1.111,959.32575ms,110.875µs
10.1.1.113,536.456583ms,147.542µs
10.1.1.116,356.484167ms,30.375µs
10.1.1.116,959.682084ms,55.584µs
10.1.1.113,963.988042ms,53.917µs
10.1.1.111,975.528167ms,73.333µs
10.1.1.111,975.527708ms,35.084µs
10.1.1.112,552.592959ms,75.334µs
10.1.1.112,556.279917ms,413.542µs
10.1.1.116,1.028466625s,49.291µs
10.1.1.116,592.553875ms,70.375µs
10.1.1.113,576.779959ms,41.834µs
10.1.1.113,564.434666ms,56.333µs
10.1.1.115,582.49025ms,136.125µs
10.1.1.112,589.69025ms,3.469125ms
10.1.1.115,581.533916ms,47.167µs
10.1.1.116,585.031167ms,61.833µs
10.1.1.116,615.619542ms,72.583µs
10.1.1.114,537.056042ms,48.917µs
10.1.1.115,112.565791ms,108.75µs
10.1.1.116,544.9635ms,70.958µs
10.1.1.116,579.291541ms,166.333µs
10.1.1.114,529.581417ms,47.667µs
10.1.1.114,495.604833ms,81.875µs
10.1.1.112,579.819084ms,104.042µs
10.1.1.115,558.385334ms,90.708µs
10.1.1.115,683.874833ms,64.75µs
10.1.1.113,548.947833ms,40.959µs
10.1.1.116,1.171418709s,170.792µs
10.1.1.116,567.156291ms,36.584µs
10.1.1.113,580.108208ms,47.75µs
10.1.1.113,566.568958ms,59.125µs
10.1.1.112,672.831333ms,50.833µs
10.1.1.112,595.507208ms,74.708µs
10.1.1.116,621.626708ms,39.708µs
10.1.1.115,632.769292ms,71.125µs
10.1.1.116,558.004834ms,52.125µs
10.1.1.111,549.101792ms,77.958µs
10.1.1.116,540.924458ms,57.5µs
10.1.1.116,531.265542ms,70.166µs
10.1.1.113,561.637166ms,70.542µs
10.1.1.112,578.812ms,76.666µs
10.1.1.111,579.186875ms,257.125µs
10.1.1.113,595.496792ms,41.75µs
10.1.1.116,521.902666ms,250.792µs
10.1.1.116,545.698333ms,41.25µs
10.1.1.112,734.2865ms,81.75µs
10.1.1.115,565.926083ms,145.25µs
10.1.1.113,570.787084ms,85.167µs
10.1.1.114,632.472083ms,53.458µs
10.1.1.113,536.34675ms,92.125µs
10.1.1.114,518.412167ms,77.834µs
10.1.1.114,576.506042ms,36.542µs
10.1.1.112,693.784125ms,46.208µs
10.1.1.112,546.809ms,130.708µs
10.1.1.116,573.319792ms,47.708µs
10.1.1.111,516.060583ms,107.875µs
10.1.1.116,563.378375ms,411.125µs
10.1.1.115,500.406625ms,54.125µs
10.1.1.113,678.729166ms,100.375µs
10.1.1.113,656.843958ms,71.125µs
10.1.1.112,677.676041ms,99.375µs
10.1.1.112,681.565791ms,39.167µs
10.1.1.116,653.061167ms,63.375µs
10.1.1.116,657.210667ms,92.166µs
10.1.1.111,690.73275ms,3.581459ms
10.1.1.111,629.979541ms,50.375µs
10.1.1.113,416.3385ms,210.917µs
10.1.1.113,368.94925ms,77.291µs
10.1.1.113,489.319875ms,36.709µs
10.1.1.112,438.081084ms,197.25µs
10.1.1.115,444.464292ms,72.5µs
10.1.1.111,360.398417ms,62µs
10.1.1.112,322.38325ms,53.042µs
10.1.1.113,328.656042ms,40.541µs
10.1.1.114,405.54725ms,70.25µs
10.1.1.112,412.36075ms,89.459µs
10.1.1.111,322.824959ms,129.458µs
10.1.1.115,322.873375ms,46.25µs
10.1.1.115,687.808958ms,36.541µs
10.1.1.114,299.630875ms,37.125µs
10.1.1.114,287.105042ms,62.625µs
10.1.1.114,292.034958ms,74.084µs
10.1.1.115,305.833125ms,39.5µs
10.1.1.113,305.687334ms,56.542µs
10.1.1.116,334.015667ms,70.708µs
10.1.1.111,337.211417ms,61.25µs
10.1.1.113,329.644834ms,385.041µs
10.1.1.116,333.214959ms,55.125µs
10.1.1.111,340.536583ms,34.958µs
10.1.1.114,165.357208ms,56.125µs
10.1.1.113,375.50525ms,98.458µs
10.1.1.114,394.787959ms,41.208µs
10.1.1.113,398.27175ms,34.625µs
10.1.1.115,232.2615ms,106.208µs
10.1.1.114,249.486917ms,72.834µs
10.1.1.116,448.70225ms,31.667µs
10.1.1.112,240.686916ms,127.334µs
10.1.1.115,482.437416ms,39.292µs
10.1.1.113,307.166791ms,77.084µs
10.1.1.112,493.727791ms,94.5µs
10.1.1.116,303.872583ms,68.666µs
10.1.1.116,307.194166ms,55.708µs
10.1.1.116,249.018042ms,61.709µs
10.1.1.116,319.9475ms,115.417µs
10.1.1.114,281.49875ms,70.625µs
10.1.1.114,311.259ms,44.416µs
10.1.1.115,303.625542ms,462.958µs
10.1.1.112,320.098792ms,64.291µs
10.1.1.112,311.794792ms,73.875µs
10.1.1.116,232.077542ms,33.917µs
10.1.1.114,320.056416ms,78.792µs
10.1.1.116,232.966875ms,32.25µs
10.1.1.112,382.513291ms,81.708µs
10.1.1.114,137.677292ms,37.291µs
10.1.1.113,423.70675ms,41.833µs
10.1.1.112,128.978875ms,15.267792ms
10.1.1.115,353.297917ms,37.375µs
10.1.1.115,118.176375ms,38.958µs
10.1.1.116,148.887333ms,76.833µs
10.1.1.113,384.123833ms,2.288541ms
10.1.1.116,156.211583ms,53.166µs
10.1.1.112,156.492209ms,32.75µs
10.1.1.114,381.561042ms,145µs
10.1.1.111,359.169125ms,170.875µs
10.1.1.114,199.170916ms,214.833µs
10.1.1.116,149.590417ms,39.042µs
10.1.1.116,141.359042ms,40.833µs
10.1.1.113,204.238ms,49.584µs
10.1.1.115,140.876583ms,95.125µs
10.1.1.114,249.255209ms,37µs
10.1.1.111,111.121375ms,45.875µs
10.1.1.116,111.069166ms,560.583µs
10.1.1.114,162.406834ms,63.75µs
10.1.1.115,141.236ms,144.875µs
10.1.1.115,154.066666ms,322.792µs
10.1.1.113,181.741209ms,530.125µs
10.1.1.112,180.922625ms,545.542µs
10.1.1.111,213.593375ms,68.916µs
10.1.1.113,142.14725ms,1.283792ms
10.1.1.114,200.910917ms,283.583µs
10.1.1.116,187.156958ms,71.5µs
10.1.1.115,693.313666ms,33.875µs
10.1.1.111,102.245208ms,254.208µs
10.1.1.114,127.1185ms,70.333µs
10.1.1.113,248.198291ms,135.417µs
10.1.1.116,207.518625ms,45.875µs
10.1.1.113,359.357584ms,185.333µs
10.1.1.116,261.255709ms,217.959µs
10.1.1.112,320.994042ms,80.209µs
10.1.1.113,146.892167ms,181.25µs
10.1.1.113,147.573125ms,331.917µs
10.1.1.114,79.010292ms,76.958µs
10.1.1.113,121.186083ms,73.959µs
10.1.1.115,233.167166ms,52.125µs
10.1.1.112,804.338666ms,48.541µs
10.1.1.116,44.421375ms,127.583µs
10.1.1.111,76.567958ms,79.458µs
10.1.1.114,93.34025ms,105.917µs
10.1.1.113,186.788666ms,126.541µs
10.1.1.112,206.042875ms,76.875µs
10.1.1.113,81.366667ms,50.375µs
10.1.1.114,351.419666ms,91.834µs
10.1.1.114,223.841333ms,62µs
10.1.1.116,204.315ms,96.459µs
10.1.1.116,1.792256958s,245µs
10.1.1.114,80.293583ms,80.458µs
10.1.1.116,2.891088458s,62.375µs
10.1.1.113,192.194084ms,165.542µs
10.1.1.112,499.190042ms,105.708µs
10.1.1.113,227.199083ms,152.667µs
10.1.1.112,433.150916ms,262.25µs
10.1.1.114,2.957352584s,36.875µs
10.1.1.114,98.2245ms,83.458µs
10.1.1.116,141.800958ms,47.625µs
10.1.1.114,90.794542ms,93.584µs
10.1.1.115,81.963792ms,59.75µs
10.1.1.116,127.630333ms,49.417µs
10.1.1.114,133.061334ms,125.084µs
10.1.1.116,105.121041ms,110.709µs
10.1.1.114,111.449792ms,1.25725ms
10.1.1.113,187.749417ms,34.542µs
10.1.1.113,253.902416ms,63.084µs
10.1.1.112,182.629958ms,57µs
10.1.1.114,1.324831917s,38µs
10.1.1.112,560.580208ms,127.792µs
10.1.1.116,185.993709ms,399µs
10.1.1.116,2.205754042s,68.709µs
10.1.1.113,3.23853725s,74.958µs
10.1.1.116,171.598792ms,141.625µs
10.1.1.114,121.260292ms,42.625µs
10.1.1.112,137.889042ms,81.208µs
10.1.1.114,51.611084ms,36.458µs
10.1.1.115,151.248375ms,364.334µs
10.1.1.114,840.616625ms,116.834µs
10.1.1.116,194.932834ms,66.083µs
10.1.1.113,120.214541ms,143.75µs
10.1.1.114,58.089292ms,89.917µs
10.1.1.116,235.012417ms,81.084µs
10.1.1.111,93.685541ms,112.084µs
10.1.1.115,90.320541ms,3.070792ms
10.1.1.114,35.307041ms,73.417µs
10.1.1.113,244.9295ms,119.75µs
10.1.1.111,48.911959ms,122.917µs
10.1.1.113,129.079416ms,94.208µs
10.1.1.116,1.430868208s,80.833µs
10.1.1.112,3.398282833s,40.542µs
10.1.1.112,1.584434208s,180.375µs
10.1.1.114,110.979ms,98.291µs
10.1.1.112,108.060875ms,156.792µs
10.1.1.114,121.82575ms,96.875µs
10.1.1.112,1.851097291s,194.167µs
10.1.1.116,1.700505125s,207.625µs
10.1.1.113,188.549542ms,59.167µs
10.1.1.116,3.543144292s,41.5µs
10.1.1.112,2.554763458s,74.584µs
10.1.1.116,158.250417ms,104.25µs
10.1.1.115,71.634042ms,47.75µs
10.1.1.114,74.72025ms,158.667µs
10.1.1.112,224.531541ms,62.125µs
10.1.1.112,101.555917ms,183.833µs
10.1.1.114,127.065792ms,41.542µs
10.1.1.113,257.015958ms,60.167µs
10.1.1.115,145.888208ms,65.833µs
10.1.1.116,3.64431925s,225.792µs
10.1.1.113,268.004583ms,86.708µs
10.1.1.115,57.09425ms,46.708µs
10.1.1.116,63.225292ms,156.542µs
10.1.1.115,66.199042ms,43.375µs
10.1.1.113,1.672104084s,798.125µs
10.1.1.116,59.558959ms,120.083µs
10.1.1.111,2.744620042s,39.75µs
10.1.1.112,108.187209ms,106.833µs
10.1.1.115,121.423875ms,91.375µs
10.1.1.114,103.343875ms,64.584µs
10.1.1.112,124.977542ms,92.583µs
10.1.1.114,124.091333ms,97.875µs
10.1.1.112,127.120416ms,73.875µs
10.1.1.113,187.336125ms,102.292µs
10.1.1.113,208.593209ms,54.75µs
10.1.1.112,141.24175ms,61.166µs
10.1.1.116,87.871625ms,53.166µs
10.1.1.113,190.785041ms,138.916µs
10.1.1.114,87.546458ms,136.958µs
10.1.1.113,195.537084ms,85.5µs
10.1.1.112,68.607084ms,122.375µs
10.1.1.116,87.907958ms,84.458µs
10.1.1.113,138.098625ms,80µs
10.1.1.114,58.26925ms,78.541µs
10.1.1.116,113.128459ms,343.917µs
10.1.1.113,120.786ms,86.125µs
10.1.1.111,68.311458ms,82.833µs
10.1.1.113,155.677208ms,77.125µs
10.1.1.116,84.954542ms,102.459µs
10.1.1.112,108.200791ms,149.917µs
10.1.1.115,58.102459ms,110.042µs
10.1.1.116,83.34275ms,211.125µs
10.1.1.113,44.149584ms,96.667µs
10.1.1.116,55.896084ms,53.25µs
10.1.1.113,2.059961958s,47.542µs
10.1.1.113,4.202121083s,46.958µs
10.1.1.116,3.647286791s,14.418375ms
10.1.1.115,2.479848375s,77.542µs
10.1.1.114,2.2427815s,134.292µs
10.1.1.115,3.224015584s,34.959µs
10.1.1.112,3.1883055s,171.375µs
10.1.1.114,1.764449041s,126.375µs
10.1.1.116,591.149292ms,43µs
10.1.1.116,3.346840583s,35.125µs
10.1.1.111,227.638209ms,163.834µs
10.1.1.112,526.390208ms,1.092667ms
10.1.1.113,346.583291ms,82.458µs
10.1.1.111,214.968875ms,93.042µs
10.1.1.116,201.434541ms,114.167µs
10.1.1.114,219.328167ms,109.041µs
10.1.1.112,161.875833ms,76.083µs
10.1.1.116,102.817083ms,203.166µs
10.1.1.113,197.477166ms,127.875µs
10.1.1.112,111.0805ms,79.667µs
10.1.1.114,209.547958ms,193.292µs
10.1.1.115,691.087917ms,106.042µs
10.1.1.112,65.620125ms,101.542µs
10.1.1.116,174.096709ms,73.541µs
10.1.1.114,165.294958ms,80.167µs
10.1.1.113,133.759458ms,52.708µs
10.1.1.112,139.454625ms,68.208µs
10.1.1.116,187.491458ms,59.5µs
10.1.1.116,149.799167ms,93.375µs
10.1.1.116,292.350167ms,140.708µs
10.1.1.111,202.945458ms,75.958µs
10.1.1.112,177.06925ms,83.959µs
10.1.1.113,234.508166ms,99.541µs
10.1.1.114,94.589042ms,113.75µs
10.1.1.112,69.09425ms,79.792µs
10.1.1.116,75.327792ms,105.75µs
10.1.1.116,296.085959ms,108.459µs
10.1.1.113,296.104541ms,89.709µs
10.1.1.111,50.522458ms,83.833µs
10.1.1.116,98.595333ms,125.5µs
10.1.1.116,145.407916ms,49.417µs
10.1.1.112,69.351875ms,86.084µs
10.1.1.114,115.466709ms,107.5µs
10.1.1.113,297.786125ms,622.333µs
10.1.1.111,76.443667ms,1.1975ms
10.1.1.113,388.023125ms,138.584µs
10.1.1.116,56.501542ms,83.833µs
10.1.1.116,86.858417ms,44.542µs
10.1.1.115,112.506334ms,105.75µs
10.1.1.113,148.491416ms,43.292µs
10.1.1.114,261.564208ms,77.667µs
10.1.1.116,273.907667ms,122.291µs
10.1.1.116,278.204542ms,125.125µs
10.1.1.116,274.042583ms,89.291µs
10.1.1.112,273.147375ms,49.625µs
10.1.1.112,99.969542ms,62.959µs
10.1.1.116,338.613666ms,46.667µs
10.1.1.115,153.546833ms,60.167µs
10.1.1.115,146.654375ms,107µs
10.1.1.116,91.475416ms,68.958µs
10.1.1.116,91.5115ms,103.667µs
10.1.1.112,61.211209ms,77.291µs
10.1.1.113,134.671667ms,9.417708ms
10.1.1.111,84.226ms,87.958µs
10.1.1.116,70.270708ms,78.792µs
10.1.1.112,74.775292ms,71.458µs
10.1.1.115,66.781916ms,192.75µs
10.1.1.113,172.533792ms,81.291µs
10.1.1.115,67.474792ms,68.709µs
10.1.1.113,224.161ms,77.792µs
10.1.1.113,121.290625ms,154.792µs
10.1.1.116,5.224911916s,34.875µs
10.1.1.116,158.173834ms,90.167µs
10.1.1.114,106.770541ms,71.625µs
10.1.1.116,88.171125ms,75.625µs
10.1.1.116,57.92875ms,78.917µs
10.1.1.114,50.664167ms,101.334µs
10.1.1.113,211.261667ms,57.958µs
10.1.1.113,204.513375ms,195.666µs
10.1.1.112,45.964125ms,199.292µs
10.1.1.115,56.281ms,51.25µs
10.1.1.113,62.160458ms,83.583µs
10.1.1.113,78.517959ms,100.542µs
10.1.1.113,64.896375ms,6.951375ms
10.1.1.116,63.014625ms,62.333µs
10.1.1.112,65.59175ms,83.959µs
10.1.1.112,75.7595ms,78.625µs
10.1.1.116,198.791208ms,5.829875ms
10.1.1.113,35.562833ms,76.875µs
10.1.1.113,52.347792ms,39.5µs
10.1.1.113,57.026709ms,99.125µs
10.1.1.111,43.080625ms,104.375µs
10.1.1.115,64.191917ms,3.004875ms
10.1.1.115,52.140708ms,110.333µs
10.1.1.112,6.101394958s,36.333µs
10.1.1.112,39.360875ms,52.084µs
10.1.1.113,62.530209ms,391.958µs
10.1.1.116,145.54475ms,63µs
10.1.1.114,91.196458ms,111.417µs
10.1.1.113,70.109708ms,78.75µs
10.1.1.116,82.159083ms,53.458µs
10.1.1.116,89.627584ms,379.459µs
10.1.1.111,88.259583ms,99.083µs
10.1.1.111,119.1705ms,150.333µs
10.1.1.111,74.127042ms,137.875µs
10.1.1.114,78.273833ms,237.791µs
10.1.1.116,112.134333ms,85.125µs
10.1.1.116,3.273825416s,64.75µs
10.1.1.116,6.377610083s,31.667µs
10.1.1.113,2.734378459s,95.75µs
10.1.1.113,6.400580833s,81.333µs
10.1.1.113,4.831645667s,80.209µs
10.1.1.116,2.109207375s,57.625µs
10.1.1.113,1.71007875s,86.333µs
10.1.1.111,74.183167ms,68.542µs
10.1.1.113,900.116458ms,88.375µs
10.1.1.113,6.544995166s,50.75µs
10.1.1.116,2.558125542s,78.5µs
10.1.1.111,382.877292ms,308.167µs
10.1.1.116,6.19580625s,90.084µs
10.1.1.112,2.205306s,42.208µs
10.1.1.112,562.03225ms,130.417µs
10.1.1.113,411.089334ms,249µs
10.1.1.114,422.365083ms,513.542µs
10.1.1.114,597.497041ms,135.25µs
10.1.1.116,770.011625ms,384.042µs
10.1.1.111,540.013084ms,151.208µs
10.1.1.113,6.899077625s,86.458µs
10.1.1.113,572.48ms,178.375µs
10.1.1.116,556.606375ms,122.916µs
10.1.1.111,547.373ms,510.875µs
10.1.1.116,506.915958ms,136.708µs
10.1.1.113,499.872958ms,720.417µs
10.1.1.115,575.247625ms,191.833µs
10.1.1.113,515.927167ms,353.959µs
10.1.1.113,7.212620792s,41.917µs
10.1.1.112,738.245666ms,92.458µs
10.1.1.114,589.648667ms,101.084µs
10.1.1.111,436.788916ms,188.291µs
10.1.1.113,735.695334ms,1.354333ms
10.1.1.113,1.073816417s,105.291µs
10.1.1.113,5.896198416s,39.792µs
10.1.1.111,971.394875ms,97.791µs
10.1.1.113,790.171708ms,93.75µs
10.1.1.116,645.704417ms,83.417µs
10.1.1.113,172.380625ms,194.417µs
10.1.1.116,70.968709ms,115.333µs
10.1.1.113,49.874666ms,85.333µs
10.1.1.116,928.967542ms,195.541µs
10.1.1.111,65.983667ms,61.208µs
10.1.1.111,635.906208ms,347.75µs
10.1.1.113,1.155972125s,1.126542ms
10.1.1.111,60.298709ms,85.667µs
10.1.1.116,79.387625ms,102.125µs
10.1.1.115,80.70975ms,144.625µs
10.1.1.113,6.896206333s,55.083µs
10.1.1.113,90.851084ms,107.833µs
10.1.1.114,106.461417ms,68.125µs
10.1.1.116,92.98975ms,54.416µs
10.1.1.116,80.616875ms,923.625µs
10.1.1.113,80.615459ms,312.042µs
10.1.1.112,7.997820458s,31.25µs
10.1.1.113,1.099656167s,106.334µs
10.1.1.111,66.105125ms,90.875µs
10.1.1.115,79.960875ms,87.792µs
10.1.1.114,81.738458ms,1.272916ms
10.1.1.116,101.450959ms,224.208µs
10.1.1.113,117.109833ms,156.208µs
10.1.1.113,109.621042ms,113.208µs
10.1.1.116,119.801375ms,3.042583ms
10.1.1.113,130.073917ms,1.122542ms
10.1.1.114,666.067042ms,89.375µs
10.1.1.112,887.380458ms,78.583µs
10.1.1.112,1.188074042s,133.125µs
10.1.1.111,77.135291ms,95.041µs
10.1.1.114,91.198125ms,46.416µs
10.1.1.116,87.17175ms,100.875µs
10.1.1.115,94.028167ms,436.125µs
10.1.1.111,94.398708ms,91.875µs
10.1.1.114,93.257958ms,96.5µs
10.1.1.116,96.063041ms,83.167µs
10.1.1.116,62.494792ms,55.209µs
10.1.1.115,73.524292ms,95.25µs
10.1.1.112,170.656875ms,4.441ms
10.1.1.116,8.270527458s,36.25µs
10.1.1.116,7.237755666s,36.833µs
10.1.1.113,169.958542ms,79.709µs
10.1.1.114,80.710416ms,174.084µs
10.1.1.113,98.656458ms,152.458µs
10.1.1.114,97.294417ms,128µs
10.1.1.113,7.205089417s,49.959µs
10.1.1.113,100.56525ms,320.125µs
10.1.1.112,121.599417ms,98.25µs
10.1.1.113,114.293083ms,105.667µs
10.1.1.116,73.765167ms,56.291µs
10.1.1.114,88.983125ms,46.708µs
10.1.1.113,129.322584ms,39.125µs
10.1.1.112,227.860125ms,105.5µs
10.1.1.114,72.023125ms,48.292µs
10.1.1.116,140.599ms,3.4905ms
10.1.1.116,7.581127292s,52.791µs
10.1.1.111,7.446946709s,56.042µs
10.1.1.115,89.644625ms,38.083µs
10.1.1.112,89.6435ms,90.75µs
10.1.1.111,74.482666ms,98.458µs
10.1.1.113,168.260833ms,99.791µs
10.1.1.116,76.552541ms,97.125µs
10.1.1.112,131.752208ms,1.020625ms
10.1.1.116,124.391375ms,41.25µs
10.1.1.113,124.124292ms,78.709µs
10.1.1.115,73.75825ms,138.209µs
10.1.1.116,126.240917ms,48.334µs
10.1.1.114,112.050333ms,8.134542ms
10.1.1.116,137.12125ms,60.333µs
10.1.1.116,278.099584ms,42.666µs
10.1.1.113,8.684361459s,52.5µs
10.1.1.112,793.396375ms,76.042µs
10.1.1.116,8.690527083s,61.542µs
10.1.1.116,5.540146334s,356.542µs
10.1.1.112,55.397958ms,38.875µs
10.1.1.113,75.697125ms,69.25µs
10.1.1.112,391.390083ms,61.375µs
10.1.1.114,101.461041ms,341.625µs
10.1.1.116,420.941041ms,168.958µs
10.1.1.116,482.337417ms,82.416µs
10.1.1.113,435.991833ms,54µs
10.1.1.112,231.667584ms,129.75µs
10.1.1.114,360.303667ms,95.625µs
10.1.1.112,359.901917ms,63.625µs
10.1.1.116,441.412667ms,278.792µs
10.1.1.112,248.502291ms,56.75µs
10.1.1.115,208.470792ms,76.125µs
10.1.1.113,243.667333ms,104.75µs
10.1.1.113,6.694966208s,126.583µs
10.1.1.112,146.626167ms,85.667µs
10.1.1.113,9.163353458s,132.666µs
10.1.1.116,196.426125ms,151.792µs
10.1.1.115,198.40375ms,872µs
10.1.1.113,8.019815459s,79.541µs
10.1.1.113,232.384833ms,105.209µs
10.1.1.116,108.397208ms,48.625µs
10.1.1.112,89.519208ms,94.209µs
10.1.1.113,144.827875ms,210.541µs
10.1.1.113,9.263275333s,46.334µs
10.1.1.115,54.819042ms,110.667µs
10.1.1.111,123.770833ms,56.208µs
10.1.1.113,87.954375ms,99.958µs
10.1.1.113,8.167298083s,50.458µs
10.1.1.113,92.935416ms,80.958µs
10.1.1.116,106.564167ms,1.501209ms
10.1.1.116,81.728542ms,282.959µs
10.1.1.115,72.887333ms,81.791µs
10.1.1.113,65.776666ms,90µs
10.1.1.113,468.139458ms,44.584µs
10.1.1.116,100.057541ms,86.541µs
10.1.1.114,67.060625ms,127.166µs
10.1.1.115,51.802042ms,126.416µs
10.1.1.114,70.07425ms,90µs
10.1.1.112,81.418791ms,179µs
10.1.1.111,53.211291ms,155.75µs
10.1.1.111,70.653125ms,685.791µs
10.1.1.113,288.149584ms,60.208µs
10.1.1.116,415.92325ms,4.150875ms
10.1.1.112,67.873334ms,64.459µs
10.1.1.116,95.729625ms,101.583µs
10.1.1.114,117.361708ms,125.625µs
10.1.1.111,114.568209ms,214.25µs
10.1.1.111,8.666969875s,62µs
10.1.1.114,9.852003625s,190.375µs
10.1.1.112,8.642214042s,36.833µs
10.1.1.113,450.154083ms,115.958µs
10.1.1.113,440.244292ms,113.166µs
10.1.1.112,426.778834ms,198.125µs
10.1.1.114,156.850917ms,595.584µs
10.1.1.113,103.858ms,50.208µs
10.1.1.111,481.277375ms,82.834µs
10.1.1.112,137.5015ms,71.25µs
10.1.1.116,423.383667ms,10.452ms
10.1.1.111,357.882958ms,88.375µs
10.1.1.113,1.239401375s,107.667µs
10.1.1.116,9.223284084s,40.666µs
10.1.1.113,9.200533042s,80.458µs
10.1.1.112,335.788125ms,111.625µs
10.1.1.113,8.008003375s,65.167µs
10.1.1.113,336.315208ms,61.542µs
10.1.1.116,290.8735ms,789.625µs
10.1.1.114,215.456459ms,45.5µs
10.1.1.112,80.601792ms,230.541µs
10.1.1.114,158.457334ms,80.708µs
10.1.1.113,342.083666ms,624.5µs
10.1.1.116,353.334167ms,117.958µs
10.1.1.115,331.068208ms,317.417µs
10.1.1.112,8.87723625s,63.375µs
10.1.1.114,66.26475ms,64.375µs
10.1.1.116,80.971166ms,60.208µs
10.1.1.113,94.93625ms,105.958µs
10.1.1.116,81.171375ms,40.375µs
10.1.1.116,75.017625ms,67µs
10.1.1.115,130.272375ms,76.292µs
10.1.1.113,10.605641291s,72.25µs
10.1.1.113,67.140459ms,44.041µs
10.1.1.114,113.451458ms,73.708µs
10.1.1.116,147.465917ms,123.417µs
10.1.1.115,137.881042ms,197.416µs
10.1.1.116,113.439584ms,103.209µs
10.1.1.113,10.665484208s,34.917µs
10.1.1.116,9.494223625s,77.958µs
10.1.1.114,9.037810917s,36.583µs
10.1.1.112,92.769125ms,75.416µs
10.1.1.113,9.873388375s,51.666µs
10.1.1.112,344.142625ms,69.875µs
10.1.1.111,109.840708ms,100µs
10.1.1.111,137.664417ms,148µs
10.1.1.113,131.474541ms,89.416µs
10.1.1.115,95.986ms,38.125µs
10.1.1.113,91.796208ms,48µs
10.1.1.112,188.068458ms,85.667µs
10.1.1.112,115.072042ms,4.170667ms
10.1.1.116,132.920417ms,80.709µs
10.1.1.113,82.571625ms,84.625µs
10.1.1.114,178.570667ms,115.833µs
10.1.1.114,121.225291ms,115.25µs
10.1.1.116,108.721792ms,102.917µs
10.1.1.116,9.493872625s,64.292µs
10.1.1.116,76.463834ms,84.042µs
10.1.1.113,320.960834ms,395.792µs
10.1.1.116,105.520125ms,500.834µs
10.1.1.112,114.045625ms,147.792µs
10.1.1.116,290.018875ms,146.167µs
10.1.1.112,9.026181375s,43.458µs
10.1.1.113,141.22825ms,139.334µs
10.1.1.112,348.077583ms,96.542µs
10.1.1.116,7.942720542s,101.542µs
10.1.1.116,263.64725ms,79.584µs
10.1.1.113,7.703373125s,84µs
10.1.1.112,215.631125ms,130.209µs
10.1.1.112,278.379125ms,74.291µs
10.1.1.115,158.924375ms,31.50775ms
10.1.1.113,8.901220625s,41.25µs
10.1.1.112,142.325875ms,105.458µs
10.1.1.113,248.418125ms,3.896875ms
10.1.1.116,10.092552834s,46.959µs
10.1.1.114,126.965542ms,206.083µs
10.1.1.111,102.720042ms,118.583µs
10.1.1.112,452.037042ms,39.458µs
10.1.1.112,326.050584ms,88.667µs
10.1.1.113,112.768333ms,96.667µs
10.1.1.115,112.572166ms,92µs
10.1.1.112,97.980709ms,85.959µs
10.1.1.112,116.282708ms,37.625µs
10.1.1.113,701.689125ms,78.334µs
10.1.1.113,72.392625ms,101.625µs
10.1.1.114,230.589917ms,194.708µs
10.1.1.111,108.824125ms,105.792µs
10.1.1.113,205.46725ms,52.5µs
10.1.1.115,110.607791ms,143.792µs
10.1.1.111,113.43725ms,252.333µs
10.1.1.111,10.417584167s,33.75µs
10.1.1.112,61.107083ms,1.384125ms
10.1.1.113,196.530458ms,57.583µs
10.1.1.113,8.161061666s,123.375µs
10.1.1.112,8.967106875s,120.542µs
10.1.1.115,135.300875ms,239.875µs
10.1.1.113,11.525280708s,56.166µs
10.1.1.115,91.098292ms,3.201291ms
10.1.1.114,8.013000583s,470.917µs
10.1.1.112,82.372292ms,80.875µs
10.1.1.112,123.911458ms,85.666µs
10.1.1.116,578.189458ms,91.5µs
10.1.1.111,387.288917ms,91.625µs
10.1.1.114,325.707666ms,69.917µs
10.1.1.113,399.916667ms,76.708µs
10.1.1.113,74.744958ms,79.375µs
10.1.1.113,800.405042ms,65.208µs
10.1.1.116,695.7815ms,222.875µs
10.1.1.111,415.386083ms,303.5µs
10.1.1.113,176.958917ms,67.542µs
10.1.1.113,106.181083ms,160.166µs
10.1.1.113,131.199542ms,143.167µs
10.1.1.116,84.518209ms,59.916µs
10.1.1.112,126.962541ms,84.791µs
10.1.1.111,126.86875ms,138.917µs
10.1.1.115,73.950417ms,70.666µs
10.1.1.116,808.241333ms,3.252583ms
10.1.1.113,88.83675ms,58.916µs
10.1.1.116,890.834875ms,71.959µs
10.1.1.112,7.781892833s,115.916µs
10.1.1.113,103.758292ms,187.708µs
10.1.1.116,10.737604541s,75.917µs
10.1.1.112,126.842166ms,82.292µs
10.1.1.111,132.328416ms,96.208µs
10.1.1.114,153.54075ms,50.208µs
10.1.1.113,177.667958ms,137.75µs
10.1.1.116,321.62575ms,107.417µs
10.1.1.112,187.105875ms,237.25µs
10.1.1.113,74.570959ms,96.417µs
10.1.1.113,70.813208ms,82.125µs
10.1.1.114,63.013708ms,115.083µs
10.1.1.112,12.006395541s,92.584µs
10.1.1.113,69.984792ms,146.875µs
10.1.1.115,75.039792ms,174.833µs
10.1.1.111,83.834ms,69.709µs
10.1.1.116,282.825875ms,91.792µs
10.1.1.112,12.030552958s,39.208µs
10.1.1.115,123.279ms,64.458µs
10.1.1.116,332.79625ms,133.875µs
10.1.1.113,8.271138791s,78.916µs
10.1.1.112,365.746875ms,155.416µs
10.1.1.114,104.891875ms,246.5µs
10.1.1.111,104.935291ms,57.875µs
10.1.1.112,231.981209ms,137µs
10.1.1.116,188.147625ms,81.333µs
10.1.1.116,156.772542ms,99.625µs
10.1.1.116,419.17425ms,160.791µs
10.1.1.112,185.755333ms,71.375µs
10.1.1.112,100.840667ms,94.542µs
10.1.1.112,89.221042ms,87.792µs
10.1.1.115,96.318959ms,84.583µs
10.1.1.112,137.341917ms,108.333µs
10.1.1.116,131.274459ms,108.792µs
10.1.1.113,103.370292ms,53.667µs
10.1.1.115,186.560459ms,90µs
10.1.1.115,123.117375ms,105.208µs
10.1.1.113,123.131708ms,119.5µs
10.1.1.113,93.552125ms,104.458µs
10.1.1.112,93.556875ms,81.458µs
10.1.1.116,74.732791ms,82.959µs
10.1.1.114,838.49925ms,39.375µs
10.1.1.115,145.275041ms,232.25µs
10.1.1.114,1.311258583s,111.875µs
10.1.1.116,110.805625ms,290.333µs
10.1.1.111,1.14817675s,218.917µs
10.1.1.113,10.640550791s,62.25µs
10.1.1.116,137.496375ms,288.459µs
10.1.1.113,206.112917ms,128.542µs
10.1.1.111,171.218709ms,77.792µs
10.1.1.112,964.279ms,88.333µs
10.1.1.116,767.759917ms,261.75µs
10.1.1.113,12.644976s,55.666µs
10.1.1.114,136.643959ms,68.458µs
10.1.1.114,608.292792ms,106.125µs
10.1.1.112,254.458708ms,94.458µs
10.1.1.116,168.74175ms,105.416µs
10.1.1.116,249.99175ms,6.414291ms
10.1.1.113,315.109875ms,70.458µs
10.1.1.112,221.24575ms,55.083µs
10.1.1.113,261.094ms,23.605542ms
10.1.1.112,119.3015ms,365.916µs
10.1.1.112,166.858625ms,2.175166ms
10.1.1.114,198.905833ms,183.917µs
10.1.1.113,813.313125ms,70.5µs
10.1.1.114,110.318292ms,89.75µs
10.1.1.113,134.199917ms,182.291µs
10.1.1.114,105.820416ms,79.375µs
10.1.1.112,10.799100541s,46.75µs
10.1.1.112,140.392416ms,142.834µs
10.1.1.116,198.717ms,150.333µs
10.1.1.116,96.918416ms,236.5µs
10.1.1.113,160.269917ms,390.792µs
10.1.1.116,187.267375ms,94.291µs
10.1.1.111,230.768708ms,182.083µs
10.1.1.113,10.810515875s,50.292µs
10.1.1.112,185.831209ms,846.084µs
10.1.1.116,1.105715833s,192.292µs
10.1.1.116,986.709916ms,79.334µs
10.1.1.114,554.913708ms,90.167µs
10.1.1.112,219.551625ms,102.625µs
10.1.1.114,309.430208ms,77.667µs
10.1.1.113,503.467667ms,100.625µs
10.1.1.113,659.973417ms,82.416µs
10.1.1.112,873.833333ms,14.84625ms
10.1.1.115,236.36825ms,754µs
10.1.1.116,204.134791ms,47.875µs
10.1.1.116,295.538708ms,56.25µs
10.1.1.116,13.317141292s,35.5µs
10.1.1.112,214.654917ms,39.917µs
10.1.1.112,187.202417ms,55.583µs
10.1.1.111,299.270208ms,98.625µs
10.1.1.116,193.199584ms,76.125µs
10.1.1.116,329.004667ms,48.833µs
10.1.1.113,285.091542ms,39.042µs
10.1.1.116,176.446083ms,97.375µs
10.1.1.115,313.443292ms,118.709µs
10.1.1.111,142.636333ms,84.292µs
10.1.1.114,325.692208ms,61.75µs
10.1.1.114,157.554292ms,78.209µs
10.1.1.116,158.319084ms,71.208µs
10.1.1.112,192.27325ms,125.584µs
10.1.1.116,178.53725ms,93µs
10.1.1.114,178.543167ms,513.5µs
10.1.1.112,191.966791ms,88.042µs
10.1.1.113,828.845541ms,348µs
10.1.1.114,182.678666ms,284.292µs
10.1.1.112,186.795875ms,1.74825ms
10.1.1.114,173.482167ms,68.25µs
10.1.1.115,140.294042ms,39.917µs
10.1.1.114,120.796834ms,172.833µs
10.1.1.112,129.507708ms,68.125µs
10.1.1.114,158.514667ms,81.125µs
10.1.1.115,73.025416ms,39.916µs
10.1.1.115,127.263542ms,64.625µs
10.1.1.116,151.252834ms,264.083µs
10.1.1.113,126.73575ms,56.167µs
10.1.1.113,12.572248791s,35.042µs
10.1.1.116,196.416333ms,47.792µs
10.1.1.114,117.178625ms,89.334µs
10.1.1.111,203.858625ms,76.208µs
10.1.1.112,178.075375ms,77.292µs
10.1.1.114,93.77525ms,808.916µs
10.1.1.112,217.2715ms,117.417µs
10.1.1.113,124.354875ms,90.292µs
10.1.1.111,251.737042ms,44.625µs
10.1.1.116,100.6675ms,42.5µs
10.1.1.115,105.2215ms,96.375µs
10.1.1.116,86.694958ms,81.5µs
10.1.1.115,115.747541ms,58.417µs
10.1.1.113,12.159616792s,31.292µs
10.1.1.113,12.90876725s,68.958µs
10.1.1.114,10.331813333s,75.833µs
10.1.1.112,11.782685208s,76.958µs
10.1.1.114,243.241291ms,73.083µs
10.1.1.113,208.55675ms,80.75µs
10.1.1.113,624.305334ms,33.458µs
10.1.1.116,208.086792ms,47.292µs
10.1.1.116,13.984638083s,54.833µs
10.1.1.111,208.172709ms,94.792µs
10.1.1.113,208.342292ms,198.5µs
10.1.1.116,258.471875ms,92µs
10.1.1.113,985.953ms,971.5µs
10.1.1.114,223.599417ms,2.959291ms
10.1.1.112,275.868167ms,64.292µs
10.1.1.116,153.942875ms,95.042µs
10.1.1.116,177.236917ms,1.534791ms
10.1.1.113,118.850875ms,80.5µs
10.1.1.112,143.74325ms,55.291µs
10.1.1.113,144.30175ms,48.625µs
10.1.1.114,143.985708ms,87.875µs
10.1.1.113,143.962708ms,41.5µs
10.1.1.116,154.980666ms,121.084µs
10.1.1.114,154.681584ms,189.417µs
10.1.1.116,13.116112958s,44.5µs
10.1.1.112,174.593292ms,214.542µs
10.1.1.116,134.172708ms,82.959µs
10.1.1.111,206.990833ms,40.375µs
10.1.1.115,221.868917ms,134.084µs
10.1.1.114,163.956792ms,60.459µs
10.1.1.113,98.339625ms,54.667µs
10.1.1.116,134.878958ms,46.416µs
10.1.1.113,12.093043292s,99.667µs
10.1.1.111,296.985833ms,343.167µs
10.1.1.114,524.351166ms,65.542µs
10.1.1.113,191.396834ms,147.917µs
10.1.1.116,140.129292ms,112.5µs
10.1.1.113,14.367967458s,43.084µs
10.1.1.114,220.13675ms,117.125µs
10.1.1.113,12.312729917s,86.083µs
10.1.1.113,279.18175ms,191.667µs
10.1.1.113,242.068916ms,85.542µs
10.1.1.113,13.331393458s,37.417µs
10.1.1.116,283.237708ms,115.75µs
10.1.1.112,193.39775ms,5.8315ms
10.1.1.113,12.859377375s,55.75µs
10.1.1.116,396.175625ms,77.042µs
10.1.1.111,259.559917ms,58.25µs
10.1.1.116,358.713958ms,200.208µs
10.1.1.113,249.265125ms,193.583µs
10.1.1.116,119.655666ms,70.584µs
10.1.1.111,136.202167ms,212.125µs
10.1.1.113,136.315625ms,63.458µs
10.1.1.112,268.562208ms,55.875µs
10.1.1.111,88.601917ms,106.708µs
10.1.1.115,250.238083ms,51.333µs
10.1.1.113,82.426875ms,330.542µs
10.1.1.114,82.791667ms,105.25µs
10.1.1.114,136.6055ms,73.208µs
10.1.1.113,626.049875ms,115.584µs
10.1.1.113,622.095041ms,46.417µs
10.1.1.113,432.046208ms,602.333µs
10.1.1.113,153.18625ms,86.959µs
10.1.1.113,8.36016375s,108.416µs
10.1.1.116,284.446084ms,81.166µs
10.1.1.112,465.081625ms,47.291µs
10.1.1.115,246.314666ms,82.666µs
10.1.1.112,160.692083ms,92.708µs
10.1.1.113,1.22021075s,78µs
10.1.1.112,142.083291ms,75.292µs
10.1.1.116,135.7395ms,101.125µs
10.1.1.113,511.52575ms,52.5µs
10.1.1.111,265.090417ms,87.208µs
10.1.1.113,231.920417ms,91.666µs
10.1.1.116,755.84925ms,190.25µs
10.1.1.114,541.597542ms,210.334µs
10.1.1.112,6.719689458s,171µs
10.1.1.111,1.254835667s,5.659958ms
10.1.1.114,13.510680917s,72.416µs
10.1.1.112,14.100478875s,31.666µs
10.1.1.113,12.044639375s,45.375µs
10.1.1.113,13.48999275s,37µs
10.1.1.113,10.590659583s,89.084µs
10.1.1.116,8.21905275s,54.5µs
10.1.1.113,8.34035525s,52.083µs
10.1.1.113,11.982868834s,65.208µs
10.1.1.115,13.619232125s,57.875µs
10.1.1.113,12.133289708s,202.625µs
10.1.1.113,12.236737583s,79.542µs
10.1.1.111,14.794451959s,68.667µs
10.1.1.112,11.447939833s,48.375µs
10.1.1.113,12.417228916s,110.333µs
10.1.1.112,7.288847s,76.042µs
10.1.1.114,14.199375375s,64.958µs
10.1.1.114,11.961788458s,116.125µs
10.1.1.116,7.808308667s,122.917µs
10.1.1.113,9.343773125s,1.068625ms
10.1.1.113,9.39060825s,256.625µs
10.1.1.113,8.243726083s,108.375µs
10.1.1.112,8.556057041s,183.125µs
10.1.1.116,11.288561875s,81.708µs
10.1.1.113,9.318242167s,451.083µs
10.1.1.111,12.5685005s,215.917µs
10.1.1.113,9.10905625s,120.875µs
10.1.1.112,10.348689792s,146.166µs
10.1.1.116,5.602864959s,111.708µs
10.1.1.113,10.068171459s,230.75µs
10.1.1.113,12.712705084s,59µs
10.1.1.116,5.932661958s,106.042µs
10.1.1.113,8.101156459s,1.096084ms
10.1.1.114,4.814284959s,98.709µs
10.1.1.113,7.564662958s,126.375µs
10.1.1.112,9.444849083s,83.5µs
10.1.1.116,8.052685167s,45.416µs
10.1.1.116,10.05671675s,111.625µs
10.1.1.114,6.335177125s,63.042µs
10.1.1.116,8.991060333s,86µs
10.1.1.116,8.940714833s,90.125µs
10.1.1.113,10.470661584s,99.125µs
10.1.1.113,8.435646958s,1.471833ms
10.1.1.113,4.404480541s,64.959µs
10.1.1.116,6.910175208s,83.375µs
10.1.1.116,5.465637167s,56.375µs
10.1.1.116,7.481152416s,80.333µs
10.1.1.116,6.957584459s,1.865709ms
10.1.1.116,8.175157208s,133.875µs
10.1.1.116,13.523628375s,118.416µs
10.1.1.116,8.5469245s,819.125µs
10.1.1.114,6.36877975s,90.166µs
10.1.1.113,3.280136042s,59.208µs
10.1.1.116,13.406093917s,93.667µs
10.1.1.111,3.757952167s,81.209µs
10.1.1.112,4.48990175s,46µs
10.1.1.114,5.712575625s,68.625µs
10.1.1.114,5.599721375s,93.958µs
10.1.1.112,9.55577s,114.584µs
10.1.1.113,9.757866416s,192.375µs
10.1.1.116,7.788255041s,36.291µs
10.1.1.113,9.005017917s,442.625µs
10.1.1.113,8.926079667s,316.834µs
10.1.1.116,3.327951666s,126.666µs
10.1.1.116,6.8553275s,59.333µs
10.1.1.113,9.138506167s,126.834µs
10.1.1.116,7.449536375s,120.417µs
10.1.1.116,6.602310209s,162.708µs
10.1.1.116,3.688987583s,151.25µs
10.1.1.116,6.226771416s,421.583µs
10.1.1.113,8.818520208s,48.5µs
10.1.1.114,5.325499708s,7.758417ms
10.1.1.113,4.035014209s,138.416µs
10.1.1.116,6.394407458s,72.958µs
10.1.1.116,4.69110125s,76µs
10.1.1.116,5.931081875s,104.459µs
10.1.1.114,6.954037166s,122.25µs
10.1.1.116,6.79317325s,112.208µs
10.1.1.113,4.621320625s,186.666µs
10.1.1.116,4.024008958s,123.084µs
10.1.1.111,4.813948208s,71.084µs
10.1.1.116,3.785170375s,39.25µs
10.1.1.116,4.464187083s,1.2815ms
10.1.1.113,4.6327235s,129.042µs
