10.1.1.185,447.74ms,198.355709ms
10.1.1.187,558.084792ms,199.016375ms
10.1.1.188,558.452042ms,364.024167ms
10.1.1.188,563.394125ms,340.497375ms
10.1.1.185,575.972667ms,307.221208ms
10.1.1.189,581.522875ms,241.988708ms
10.1.1.185,640.934458ms,292.243501ms
10.1.1.191,669.427042ms,214.986375ms
10.1.1.187,759.694208ms,364.314625ms
10.1.1.187,763.96025ms,498.327375ms
10.1.1.191,768.070791ms,437.437458ms
10.1.1.185,771.845583ms,301.461792ms
10.1.1.189,771.906875ms,312.710917ms
10.1.1.188,771.862917ms,253.166542ms
10.1.1.191,772.002833ms,434.850667ms
10.1.1.188,808.370541ms,518.690126ms
10.1.1.185,817.539333ms,509.28025ms
10.1.1.189,843.534083ms,218.637875ms
10.1.1.185,844.266458ms,411.327833ms
10.1.1.185,855.822042ms,407.164126ms
10.1.1.185,856.010666ms,397.642834ms
10.1.1.188,860.774666ms,515.453459ms
10.1.1.185,908.192959ms,557.817959ms
10.1.1.187,946.93425ms,512.309001ms
10.1.1.189,954.080375ms,602.186417ms
10.1.1.191,954.115833ms,624.0415ms
10.1.1.188,954.192417ms,621.260125ms
10.1.1.185,975.150792ms,605.771334ms
10.1.1.185,396.639334ms,260.463459ms
10.1.1.187,419.896917ms,282.033584ms
10.1.1.191,422.252792ms,270.2025ms
10.1.1.187,338.170666ms,217.10725ms
10.1.1.191,276.808334ms,152.648583ms
10.1.1.189,276.943708ms,153.221667ms
10.1.1.189,691.159958ms,452.943959ms
10.1.1.191,378.35725ms,157.406292ms
10.1.1.186,1.145859958s,424.138417ms
10.1.1.188,353.938291ms,211.733042ms
10.1.1.189,626.1815ms,307.812125ms
10.1.1.191,421.550583ms,209.137542ms
10.1.1.191,361.92175ms,214.999875ms
10.1.1.188,445.8645ms,218.777875ms
10.1.1.185,370.388209ms,298.477459ms
10.1.1.185,339.008208ms,248.219417ms
10.1.1.189,429.875334ms,327.441208ms
10.1.1.187,437.521167ms,230.382876ms
10.1.1.188,1.334835542s,516.003792ms
10.1.1.187,478.3035ms,321.590292ms
10.1.1.187,565.655334ms,405.47875ms
10.1.1.191,383.091209ms,214.813875ms
10.1.1.185,493.23325ms,327.989667ms
10.1.1.189,381.876167ms,233.327125ms
10.1.1.188,477.283792ms,214.352208ms
10.1.1.191,642.54825ms,437.986167ms
10.1.1.189,642.35625ms,435.320625ms
10.1.1.188,645.874541ms,333.139208ms
10.1.1.187,435.38025ms,153.24425ms
10.1.1.189,617.324291ms,242.322333ms
10.1.1.188,582.065292ms,373.182708ms
10.1.1.186,1.653180167s,410.831667ms
10.1.1.185,1.659441375s,633.619876ms
10.1.1.188,801.916833ms,530.915208ms
10.1.1.185,1.774246291s,597.789959ms
10.1.1.185,648.980292ms,411.81975ms
10.1.1.191,601.653333ms,398.098833ms
10.1.1.185,645.529708ms,350.868417ms
10.1.1.188,837.319ms,556.652958ms
10.1.1.188,631.824208ms,411.678625ms
10.1.1.185,664.14625ms,391.590875ms
10.1.1.188,537.17075ms,309.707667ms
10.1.1.188,535.559791ms,357.576667ms
10.1.1.191,1.092812792s,288.131292ms
10.1.1.186,1.901317792s,520.671125ms
10.1.1.189,695.894417ms,424.078501ms
10.1.1.191,1.343582084s,125.846166ms
10.1.1.191,658.836334ms,456.437625ms
10.1.1.187,608.694334ms,375.356ms
10.1.1.188,612.39625ms,389.000958ms
10.1.1.191,672.897542ms,421.242417ms
10.1.1.188,621.746208ms,391.612584ms
10.1.1.187,360.100167ms,241.549209ms
10.1.1.188,365.643209ms,269.3465ms
10.1.1.185,359.859833ms,241.964167ms
10.1.1.189,499.214416ms,407.370792ms
10.1.1.185,2.028906417s,628.315417ms
10.1.1.187,423.500541ms,297.399792ms
10.1.1.187,391.328458ms,290.455333ms
10.1.1.187,2.056142375s,512.881917ms
10.1.1.185,470.560083ms,346.068459ms
10.1.1.186,2.107660042s,434.030501ms
10.1.1.189,486.518208ms,354.179917ms
10.1.1.189,593.1875ms,302.046459ms
10.1.1.185,495.601708ms,269.058917ms
10.1.1.186,2.251825792s,350.518376ms
10.1.1.185,2.261029584s,609.982ms
10.1.1.187,2.304164042s,500.144625ms
10.1.1.191,1.697697958s,287.872625ms
10.1.1.189,562.13925ms,343.671917ms
10.1.1.188,493.377459ms,272.496583ms
10.1.1.188,2.368497417s,517.775084ms
10.1.1.191,427.322209ms,231.141875ms
10.1.1.188,545.3725ms,255.653084ms
10.1.1.187,1.070266084s,547.604375ms
10.1.1.191,1.635902125s,211.487459ms
10.1.1.187,476.355916ms,207.54025ms
10.1.1.187,646.808166ms,302.70575ms
10.1.1.191,647.90325ms,313.801375ms
10.1.1.187,536.324458ms,187.44775ms
10.1.1.186,2.488241s,511.106042ms
10.1.1.189,610.845625ms,251.738792ms
10.1.1.191,553.591875ms,368.541708ms
10.1.1.188,522.292667ms,313.497709ms
10.1.1.186,2.524006125s,620.706667ms
10.1.1.186,499.940625ms,398.463584ms
10.1.1.191,585.39075ms,381.507001ms
10.1.1.189,649.569083ms,230.1875ms
10.1.1.191,537.620208ms,401.836167ms
10.1.1.187,763.184083ms,310.184666ms
10.1.1.187,780.928459ms,312.5105ms
10.1.1.186,2.572431208s,409.769792ms
10.1.1.191,547.774792ms,347.191917ms
10.1.1.187,543.923ms,444.133667ms
10.1.1.191,607.231ms,469.126209ms
10.1.1.185,495.473625ms,326.647376ms
10.1.1.186,2.655100084s,603.403042ms
10.1.1.186,2.65505075s,607.360417ms
10.1.1.188,1.274859167s,435.576834ms
10.1.1.185,564.1385ms,417.731376ms
10.1.1.185,758.645834ms,631.668833ms
10.1.1.186,2.660843959s,402.459625ms
10.1.1.186,2.66826775s,500.441417ms
10.1.1.188,649.173292ms,502.896209ms
10.1.1.188,460.680333ms,366.074833ms
10.1.1.186,721.912709ms,571.684459ms
10.1.1.185,605.095125ms,431.789917ms
10.1.1.191,304.658833ms,158.4335ms
10.1.1.186,2.74705075s,502.145667ms
10.1.1.185,275.3955ms,179.881875ms
10.1.1.186,522.539667ms,389.664667ms
10.1.1.188,1.568947833s,546.393042ms
10.1.1.191,435.755916ms,379.595625ms
10.1.1.186,2.849052s,329.3695ms
10.1.1.188,1.567405708s,457.815583ms
10.1.1.186,370.042625ms,229.677209ms
10.1.1.187,732.035458ms,263.2675ms
10.1.1.188,900.597916ms,389.648ms
10.1.1.186,891.291292ms,304.012917ms
10.1.1.185,876.850709ms,269.373709ms
10.1.1.187,1.499668375s,232.6725ms
10.1.1.186,1.186349167s,489.215001ms
10.1.1.189,1.053640375s,298.962333ms
10.1.1.187,1.699977084s,316.518209ms
10.1.1.186,1.235484s,558.635834ms
10.1.1.189,1.138031875s,369.800042ms
10.1.1.189,985.296417ms,561.275625ms
10.1.1.186,1.1421755s,631.682834ms
10.1.1.191,1.043972583s,727.610792ms
10.1.1.187,1.765675s,312.967459ms
10.1.1.185,1.149311916s,728.272126ms
10.1.1.186,1.184811708s,1.038409167s
10.1.1.188,1.226232792s,874.999375ms
10.1.1.188,1.001062417s,625.620958ms
10.1.1.186,1.2162865s,994.799417ms
10.1.1.185,947.419292ms,791.840959ms
10.1.1.189,1.08165025s,909.839126ms
10.1.1.186,1.115601875s,883.77025ms
10.1.1.187,1.09424s,837.330834ms
10.1.1.185,1.122221583s,838.263209ms
10.1.1.185,967.223917ms,834.487834ms
10.1.1.188,1.099034917s,930.198833ms
10.1.1.189,1.128566542s,878.994542ms
10.1.1.186,868.883792ms,500.110125ms
10.1.1.187,1.205742458s,1.027640208s
10.1.1.187,1.013208792s,824.108ms
10.1.1.188,1.162778166s,835.925083ms
10.1.1.189,1.06156275s,821.098625ms
10.1.1.186,1.072533167s,631.719042ms
10.1.1.189,1.178728166s,961.237542ms
10.1.1.185,1.210412625s,911.273417ms
10.1.1.186,982.1565ms,545.762333ms
10.1.1.186,1.327876333s,1.127170793s
10.1.1.186,636.040208ms,370.762667ms
10.1.1.191,1.226804125s,1.112869709s
10.1.1.186,1.123095291s,683.547042ms
10.1.1.189,1.243264875s,909.342792ms
10.1.1.188,1.135229666s,485.124125ms
10.1.1.189,497.155625ms,327.5805ms
10.1.1.185,1.337430292s,1.159263584s
10.1.1.185,567.401041ms,486.471042ms
10.1.1.186,562.269917ms,315.92225ms
10.1.1.189,482.050583ms,222.027541ms
10.1.1.187,1.325332709s,985.047334ms
10.1.1.189,1.358667208s,799.051709ms
10.1.1.189,351.53275ms,175.489667ms
10.1.1.186,881.62675ms,691.133501ms
10.1.1.186,618.90925ms,454.830958ms
10.1.1.188,1.325602125s,997.315293ms
10.1.1.189,591.041458ms,353.160792ms
10.1.1.186,519.913875ms,228.893959ms
10.1.1.186,466.253125ms,377.691709ms
10.1.1.189,401.7705ms,214.936917ms
10.1.1.186,1.368509291s,908.139125ms
10.1.1.188,976.623209ms,792.273167ms
10.1.1.188,611.141458ms,341.967084ms
10.1.1.185,1.504341333s,827.078042ms
10.1.1.188,438.400792ms,179.2045ms
10.1.1.189,574.714792ms,385.399126ms
10.1.1.187,1.598006792s,919.903709ms
10.1.1.191,800.090958ms,603.540792ms
10.1.1.186,607.530625ms,269.053125ms
10.1.1.186,466.768333ms,200.222542ms
10.1.1.188,757.821625ms,478.894917ms
10.1.1.191,559.856125ms,187.978166ms
10.1.1.187,616.474417ms,318.295125ms
10.1.1.191,457.816166ms,167.331792ms
10.1.1.187,487.937292ms,192.158292ms
10.1.1.186,522.223208ms,277.877375ms
10.1.1.186,522.075791ms,377.688083ms
10.1.1.188,1.058269625s,641.497ms
10.1.1.187,1.770463791s,829.59275ms
10.1.1.187,875.215333ms,512.916041ms
10.1.1.188,676.393417ms,302.984875ms
10.1.1.185,479.162792ms,280.125958ms
10.1.1.186,659.411125ms,268.344208ms
10.1.1.186,666.260916ms,276.800583ms
10.1.1.191,845.256083ms,582.70875ms
10.1.1.187,1.9743415s,930.087792ms
10.1.1.188,839.150875ms,383.630083ms
10.1.1.186,594.654583ms,345.786416ms
10.1.1.187,977.586ms,701.434959ms
10.1.1.185,1.087445375s,812.528292ms
10.1.1.187,988.077833ms,610.861542ms
10.1.1.186,1.0975385s,236.807ms
10.1.1.185,657.329459ms,485.030959ms
10.1.1.186,759.982375ms,604.195042ms
10.1.1.186,1.066557875s,719.766834ms
10.1.1.188,549.519459ms,323.892417ms
10.1.1.186,560.299125ms,342.855625ms
10.1.1.186,1.11302s,481.898958ms
10.1.1.186,583.346875ms,409.211501ms
10.1.1.188,583.510292ms,329.044375ms
10.1.1.188,584.592666ms,466.66975ms
10.1.1.186,604.961666ms,508.385042ms
10.1.1.191,586.983583ms,401.695875ms
10.1.1.185,672.394208ms,520.069208ms
10.1.1.186,882.200209ms,685.130751ms
10.1.1.186,787.708833ms,458.382209ms
10.1.1.191,705.416125ms,586.081875ms
10.1.1.191,475.261708ms,311.939667ms
10.1.1.191,548.373834ms,291.486ms
10.1.1.188,781.632792ms,589.697459ms
10.1.1.187,492.565416ms,320.212834ms
10.1.1.186,598.690792ms,291.173792ms
10.1.1.186,870.926458ms,442.781083ms
10.1.1.188,745.972708ms,522.048917ms
10.1.1.189,373.161583ms,305.911458ms
10.1.1.189,796.182667ms,694.544875ms
10.1.1.189,821.986416ms,625.698959ms
10.1.1.187,886.422042ms,670.388626ms
10.1.1.189,651.465208ms,390.719459ms
10.1.1.188,900.288416ms,619.44975ms
10.1.1.191,401.711ms,215.53825ms
10.1.1.189,401.701959ms,208.896458ms
10.1.1.189,703.854958ms,438.785042ms
10.1.1.185,908.982375ms,618.67ms
10.1.1.186,538.994083ms,335.402791ms
10.1.1.189,812.440667ms,409.310708ms
10.1.1.186,495.551ms,144.033375ms
10.1.1.185,708.758209ms,323.787208ms
10.1.1.191,642.756709ms,328.726083ms
10.1.1.188,530.143208ms,281.906792ms
10.1.1.189,642.799708ms,272.790541ms
10.1.1.185,331.724125ms,172.985583ms
10.1.1.187,436.848291ms,283.732667ms
10.1.1.186,1.020665125s,615.338208ms
10.1.1.188,638.064375ms,274.141208ms
10.1.1.191,514.940958ms,253.151833ms
10.1.1.189,637.88975ms,406.594667ms
10.1.1.185,497.777208ms,308.098417ms
10.1.1.186,930.915ms,391.313084ms
10.1.1.188,725.696667ms,412.67725ms
10.1.1.187,515.199084ms,245.726958ms
10.1.1.186,1.020888375s,623.649417ms
10.1.1.188,408.981583ms,180.96925ms
10.1.1.189,628.928375ms,276.578625ms
10.1.1.187,1.021306042s,787.904417ms
10.1.1.187,544.361291ms,359.303209ms
10.1.1.186,529.247084ms,257.290125ms
10.1.1.187,354.638125ms,228.649208ms
10.1.1.189,391.011833ms,224.443667ms
10.1.1.186,588.8535ms,257.099834ms
10.1.1.189,431.895542ms,278.989708ms
10.1.1.187,431.907667ms,166.06625ms
10.1.1.188,446.245625ms,248.073708ms
10.1.1.189,693.850917ms,205.295125ms
10.1.1.188,494.592833ms,317.56375ms
10.1.1.189,628.731292ms,505.1585ms
10.1.1.188,379.260542ms,324.068626ms
10.1.1.185,379.264167ms,317.370208ms
10.1.1.191,425.594833ms,300.024334ms
10.1.1.185,425.635833ms,297.659459ms
10.1.1.189,374.906875ms,213.18525ms
10.1.1.191,699.375375ms,180.599458ms
10.1.1.185,495.102125ms,333.283459ms
10.1.1.188,929.002042ms,301.862792ms
10.1.1.189,432.332ms,342.377834ms
10.1.1.186,869.6105ms,245.28125ms
10.1.1.191,996.384459ms,280.397834ms
10.1.1.189,454.006833ms,220.532834ms
10.1.1.186,480.928ms,302.155834ms
10.1.1.191,480.863125ms,315.280625ms
10.1.1.189,376.057333ms,212.444208ms
10.1.1.188,907.668292ms,301.2425ms
10.1.1.188,396.869458ms,260.790458ms
10.1.1.186,1.486213625s,620.995ms
10.1.1.185,589.641917ms,369.29925ms
10.1.1.186,970.283917ms,171.43325ms
10.1.1.186,1.008668209s,277.031792ms
10.1.1.191,590.476958ms,339.393ms
10.1.1.185,465.842625ms,280.785708ms
10.1.1.185,479.966083ms,295.131333ms
10.1.1.185,479.930916ms,283.311416ms
10.1.1.185,357.383541ms,188.691542ms
10.1.1.187,548.61425ms,283.927875ms
10.1.1.189,562.321291ms,248.062209ms
10.1.1.191,562.408125ms,366.731625ms
10.1.1.189,570.065416ms,283.198ms
10.1.1.187,523.462208ms,285.948709ms
10.1.1.187,453.40475ms,317.0825ms
10.1.1.187,574.463792ms,304.883167ms
10.1.1.191,337.179708ms,246.018459ms
10.1.1.185,641.957459ms,413.354625ms
10.1.1.191,365.102959ms,257.008667ms
10.1.1.188,482.612416ms,371.7665ms
10.1.1.188,473.9995ms,299.750375ms
10.1.1.191,567.856542ms,430.474209ms
10.1.1.191,481.132ms,320.148125ms
10.1.1.188,408.741458ms,239.145708ms
10.1.1.185,502.362875ms,341.43825ms
10.1.1.186,539.809292ms,331.126583ms
10.1.1.188,375.3745ms,276.397666ms
10.1.1.188,766.327166ms,651.524626ms
10.1.1.185,779.813917ms,559.351376ms
10.1.1.188,324.398959ms,207.454542ms
10.1.1.188,794.377625ms,656.478126ms
10.1.1.185,794.509917ms,606.6875ms
10.1.1.186,417.782167ms,301.598834ms
10.1.1.191,807.083ms,645.465917ms
10.1.1.187,807.967875ms,491.529583ms
10.1.1.191,334.477ms,204.385417ms
10.1.1.185,826.65175ms,581.652751ms
10.1.1.188,671.116792ms,312.205667ms
10.1.1.187,872.644ms,387.185125ms
10.1.1.189,908.207209ms,294.6755ms
10.1.1.189,818.231083ms,316.28525ms
10.1.1.189,375.783625ms,270.196209ms
10.1.1.191,468.345125ms,284.422958ms
10.1.1.189,334.178583ms,205.218876ms
10.1.1.191,471.551208ms,312.670834ms
10.1.1.191,574.659375ms,367.419584ms
10.1.1.188,492.761791ms,285.533833ms
10.1.1.186,606.58425ms,487.6835ms
10.1.1.185,622.072375ms,494.554001ms
10.1.1.186,341.264375ms,256.271166ms
10.1.1.185,643.003166ms,454.718042ms
10.1.1.188,1.025812709s,491.286542ms
10.1.1.186,322.0625ms,232.660084ms
10.1.1.188,347.022583ms,244.765291ms
10.1.1.185,377.790875ms,305.180834ms
10.1.1.185,564.889083ms,415.370708ms
10.1.1.187,766.93875ms,150.390459ms
10.1.1.187,1.071656625s,298.6925ms
10.1.1.188,349.872333ms,244.369375ms
10.1.1.185,1.009719208s,860.292792ms
10.1.1.187,513.621792ms,368.953917ms
10.1.1.185,722.502292ms,518.744792ms
10.1.1.188,787.833958ms,625.605209ms
10.1.1.185,620.894292ms,411.760333ms
10.1.1.186,547.973834ms,474.839333ms
10.1.1.185,709.343458ms,553.030501ms
10.1.1.188,376.711291ms,299.502125ms
10.1.1.188,454.071334ms,366.111417ms
10.1.1.188,455.61ms,374.810291ms
10.1.1.188,391.070667ms,297.043375ms
10.1.1.188,501.971208ms,410.094291ms
10.1.1.186,589.373459ms,465.75975ms
10.1.1.186,463.336667ms,335.435291ms
10.1.1.189,610.512708ms,264.851625ms
10.1.1.189,689.030958ms,283.148875ms
10.1.1.186,785.72775ms,450.020584ms
10.1.1.185,584.210833ms,374.064208ms
10.1.1.189,801.77925ms,248.973501ms
10.1.1.187,599.600875ms,359.667292ms
10.1.1.189,927.853083ms,341.222667ms
10.1.1.188,607.359833ms,277.230459ms
10.1.1.187,429.78025ms,299.211917ms
10.1.1.186,460.741125ms,307.208751ms
10.1.1.188,695.84175ms,348.277458ms
10.1.1.187,692.287208ms,374.027917ms
10.1.1.191,621.836958ms,441.382334ms
10.1.1.188,693.778667ms,352.9405ms
10.1.1.188,543.124625ms,389.31575ms
10.1.1.191,686.822042ms,441.777917ms
10.1.1.187,442.947ms,280.260334ms
10.1.1.188,576.835792ms,374.101583ms
10.1.1.191,488.2465ms,398.427875ms
10.1.1.186,453.671834ms,308.290334ms
10.1.1.191,651.912ms,366.691375ms
10.1.1.185,531.186041ms,377.64875ms
10.1.1.187,526.755666ms,304.759292ms
10.1.1.189,453.880125ms,312.026708ms
10.1.1.188,533.773834ms,416.385417ms
10.1.1.185,547.347083ms,378.340834ms
10.1.1.189,314.854917ms,197.964501ms
10.1.1.188,593.8825ms,386.829667ms
10.1.1.188,628.067542ms,306.939667ms
10.1.1.191,503.773417ms,405.338292ms
10.1.1.185,601.099041ms,380.018917ms
10.1.1.189,481.007041ms,425.084125ms
10.1.1.189,546.3955ms,417.681792ms
10.1.1.191,652.443833ms,330.981458ms
10.1.1.186,525.526416ms,394.000042ms
10.1.1.189,736.704ms,483.949167ms
10.1.1.187,508.885ms,403.191917ms
10.1.1.188,445.666291ms,379.547125ms
10.1.1.188,801.994958ms,378.701542ms
10.1.1.186,514.256125ms,404.655042ms
10.1.1.188,696.883125ms,491.794834ms
10.1.1.185,657.812916ms,506.74075ms
10.1.1.185,552.298625ms,338.667417ms
10.1.1.188,717.934625ms,351.070334ms
10.1.1.186,858.022625ms,558.648167ms
10.1.1.187,517.3135ms,346.396709ms
10.1.1.189,513.360375ms,399.628ms
10.1.1.186,748.138834ms,556.064ms
10.1.1.189,523.165459ms,391.639501ms
10.1.1.187,579.805667ms,444.989292ms
10.1.1.185,675.642ms,426.102958ms
10.1.1.187,393.606209ms,148.34425ms
10.1.1.187,301.712125ms,158.283667ms
10.1.1.186,704.104541ms,392.156584ms
10.1.1.188,389.641541ms,299.92225ms
10.1.1.187,522.649042ms,388.041625ms
10.1.1.188,493.209416ms,394.6695ms
10.1.1.187,472.162917ms,349.890666ms
10.1.1.186,397.643916ms,206.670334ms
10.1.1.187,600.168125ms,392.892667ms
10.1.1.188,587.690625ms,387.813542ms
10.1.1.187,484.058ms,307.313542ms
10.1.1.187,445.924041ms,198.314333ms
10.1.1.186,365.866833ms,237.968958ms
10.1.1.187,478.857166ms,315.397166ms
10.1.1.189,700.832875ms,511.180208ms
10.1.1.188,490.98075ms,312.020042ms
10.1.1.188,546.325541ms,439.499958ms
10.1.1.188,381.677666ms,138.843ms
10.1.1.186,489.256417ms,215.167084ms
10.1.1.187,523.459959ms,216.865542ms
10.1.1.187,582.714791ms,444.040083ms
10.1.1.188,488.230667ms,279.210375ms
10.1.1.188,701.175042ms,388.0575ms
10.1.1.189,546.169958ms,386.90475ms
10.1.1.186,502.71575ms,394.45275ms
10.1.1.186,560.956625ms,302.475084ms
10.1.1.188,487.039542ms,233.060709ms
10.1.1.186,508.529208ms,393.647583ms
10.1.1.187,683.806167ms,309.457875ms
10.1.1.185,786.349333ms,516.417417ms
10.1.1.186,671.85ms,377.201042ms
10.1.1.186,707.848209ms,317.645251ms
10.1.1.187,766.957917ms,312.618125ms
10.1.1.185,514.763209ms,231.933667ms
10.1.1.191,623.054083ms,321.965167ms
10.1.1.186,673.287625ms,472.144542ms
10.1.1.185,702.462375ms,235.372626ms
10.1.1.188,689.061292ms,213.064375ms
10.1.1.186,721.846875ms,413.271625ms
10.1.1.188,427.074ms,287.705876ms
10.1.1.185,497.910125ms,223.796876ms
10.1.1.186,679.863375ms,479.122875ms
10.1.1.189,729.082834ms,478.263625ms
10.1.1.186,693.980041ms,307.473834ms
10.1.1.185,302.0935ms,208.570083ms
10.1.1.189,781.054917ms,390.866542ms
10.1.1.188,559.525083ms,305.963417ms
10.1.1.191,470.816375ms,300.737334ms
10.1.1.188,372.537792ms,287.940917ms
10.1.1.191,459.646917ms,305.273792ms
10.1.1.188,407.350542ms,318.213625ms
10.1.1.189,410.827125ms,259.335042ms
10.1.1.191,445.483917ms,246.163667ms
10.1.1.187,406.494625ms,325.495042ms
10.1.1.187,397.619584ms,165.241917ms
10.1.1.185,775.967625ms,234.883208ms
10.1.1.185,310.527625ms,194.11975ms
10.1.1.185,375.403459ms,212.82875ms
10.1.1.188,500.712667ms,404.254459ms
10.1.1.191,215.143167ms,157.44575ms
10.1.1.188,385.000125ms,270.339667ms
10.1.1.187,462.403875ms,279.825875ms
10.1.1.191,313.7115ms,144.624917ms
10.1.1.189,379.287625ms,214.280292ms
10.1.1.188,598.220125ms,369.385ms
10.1.1.186,706.288875ms,257.548375ms
10.1.1.186,656.293458ms,238.207834ms
10.1.1.188,579.111083ms,354.560875ms
10.1.1.186,1.091184417s,304.920375ms
10.1.1.188,591.272ms,356.194708ms
10.1.1.189,483.993917ms,192.131666ms
10.1.1.185,533.989584ms,340.602833ms
10.1.1.189,556.042708ms,445.622334ms
10.1.1.187,399.704917ms,277.399625ms
10.1.1.188,587.895625ms,435.355ms
10.1.1.186,986.476959ms,206.662751ms
10.1.1.188,696.097916ms,468.752333ms
10.1.1.187,580.788959ms,343.92125ms
10.1.1.189,587.943792ms,400.745542ms
10.1.1.186,1.261446417s,375.141542ms
10.1.1.185,428.617292ms,341.437959ms
10.1.1.188,532.640042ms,392.12775ms
10.1.1.187,542.360917ms,357.871334ms
10.1.1.188,637.5145ms,452.261208ms
10.1.1.187,572.873792ms,451.007251ms
10.1.1.185,572.298ms,424.135333ms
10.1.1.188,611.845291ms,424.756292ms
10.1.1.188,604.477791ms,418.438459ms
10.1.1.186,1.353742375s,374.166417ms
10.1.1.187,552.570208ms,414.92225ms
10.1.1.186,1.376104042s,374.694042ms
10.1.1.187,372.751125ms,201.329208ms
10.1.1.189,665.044667ms,424.42825ms
10.1.1.188,542.942833ms,388.609417ms
10.1.1.191,269.2135ms,75.874667ms
10.1.1.191,745.368917ms,530.789375ms
10.1.1.187,745.769791ms,515.618376ms
10.1.1.191,543.370583ms,318.293792ms
10.1.1.189,684.114583ms,453.501ms
10.1.1.188,768.261541ms,519.807958ms
10.1.1.187,768.747042ms,398.848792ms
10.1.1.189,454.99225ms,230.354667ms
10.1.1.188,643.810792ms,418.689958ms
10.1.1.187,309.895708ms,230.073667ms
10.1.1.186,1.388347291s,396.790084ms
10.1.1.191,379.779875ms,172.145042ms
10.1.1.185,613.517375ms,482.522209ms
10.1.1.188,634.974167ms,467.091209ms
10.1.1.189,370.988208ms,242.643167ms
10.1.1.189,375.442208ms,254.290916ms
10.1.1.185,316.446042ms,197.832334ms
10.1.1.187,287.094959ms,109.455209ms
10.1.1.187,421.9565ms,297.39475ms
10.1.1.187,334.206334ms,200.012959ms
10.1.1.187,298.890083ms,250.468583ms
10.1.1.191,356.102583ms,218.970459ms
10.1.1.186,1.590212292s,233.883208ms
10.1.1.187,1.0103845s,411.015708ms
10.1.1.186,1.262409083s,216.626042ms
10.1.1.187,485.936375ms,250.53525ms
10.1.1.187,465.773708ms,258.083583ms
10.1.1.186,1.25411625s,313.704042ms
10.1.1.188,331.225791ms,178.923042ms
10.1.1.187,446.613667ms,268.995166ms
10.1.1.189,884.025375ms,324.485792ms
10.1.1.189,504.601042ms,158.29225ms
10.1.1.187,340.9825ms,191.269125ms
10.1.1.187,318.218667ms,150.985958ms
10.1.1.186,1.315525292s,303.621625ms
10.1.1.186,1.315589583s,264.022625ms
10.1.1.189,505.957959ms,249.305041ms
10.1.1.188,341.826875ms,186.668959ms
10.1.1.191,202.8685ms,98.551667ms
10.1.1.191,200.988459ms,111.948625ms
10.1.1.187,523.141917ms,259.940208ms
10.1.1.187,383.016041ms,226.078708ms
10.1.1.188,332.996125ms,168.751625ms
10.1.1.186,1.418032708s,245.851458ms
10.1.1.188,595.366166ms,274.049667ms
10.1.1.191,443.751125ms,216.41525ms
10.1.1.187,447.404708ms,149.006166ms
10.1.1.188,536.01025ms,266.259459ms
10.1.1.191,301.073792ms,100.018833ms
10.1.1.188,498.568375ms,256.059333ms
10.1.1.187,423.467666ms,114.4425ms
10.1.1.187,456.219208ms,117.012042ms
10.1.1.188,636.059542ms,277.839459ms
10.1.1.188,646.793667ms,254.554083ms
10.1.1.187,563.0435ms,220.593833ms
10.1.1.189,1.092903291s,204.288833ms
10.1.1.186,361.986167ms,269.401084ms
10.1.1.191,592.997292ms,135.531375ms
10.1.1.191,472.984792ms,148.151583ms
10.1.1.187,718.270291ms,284.822125ms
10.1.1.187,831.706583ms,303.390667ms
10.1.1.189,986.83225ms,123.500792ms
10.1.1.191,389.405791ms,255.100375ms
10.1.1.189,922.614083ms,201.617ms
10.1.1.186,489.606167ms,309.281333ms
10.1.1.191,408.180209ms,274.139292ms
10.1.1.186,407.809833ms,341.267583ms
10.1.1.185,431.181709ms,364.970542ms
10.1.1.186,436.506166ms,322.900667ms
10.1.1.191,715.156041ms,109.653542ms
10.1.1.191,364.666875ms,248.364792ms
10.1.1.189,457.218333ms,265.395ms
10.1.1.191,345.097375ms,225.8315ms
10.1.1.186,585.69825ms,409.306667ms
10.1.1.189,585.141708ms,452.085709ms
10.1.1.189,585.631667ms,443.206792ms
10.1.1.186,428.902792ms,206.413833ms
10.1.1.191,593.444958ms,257.223625ms
10.1.1.185,397.485125ms,262.06725ms
10.1.1.185,484.148875ms,272.499167ms
10.1.1.188,540.080375ms,218.569917ms
10.1.1.191,601.408ms,506.320417ms
10.1.1.191,392.430333ms,334.556791ms
10.1.1.187,956.619042ms,209.932916ms
10.1.1.187,956.78275ms,263.98675ms
10.1.1.191,333.424875ms,244.61ms
10.1.1.191,526.401541ms,307.482125ms
10.1.1.187,969.888584ms,150.186958ms
10.1.1.186,395.962875ms,241.783ms
10.1.1.187,701.685833ms,471.917542ms
10.1.1.187,477.507041ms,258.65025ms
10.1.1.189,537.835541ms,286.985875ms
10.1.1.189,473.843291ms,342.11075ms
10.1.1.191,436.169167ms,189.231375ms
10.1.1.188,349.165875ms,222.582209ms
10.1.1.189,585.118042ms,307.799417ms
10.1.1.191,396.676666ms,206.978291ms
10.1.1.189,500.346292ms,296.031792ms
10.1.1.191,750.281084ms,609.874ms
10.1.1.186,474.665125ms,270.86625ms
10.1.1.185,300.868417ms,41.022791ms
10.1.1.189,409.785ms,195.539334ms
10.1.1.185,336.065583ms,121.973291ms
10.1.1.188,403.720375ms,239.332791ms
10.1.1.185,408.091083ms,205.501667ms
10.1.1.191,534.603125ms,271.322875ms
10.1.1.191,337.96925ms,65.553291ms
10.1.1.189,478.00875ms,211.30775ms
10.1.1.188,315.893708ms,148.097084ms
10.1.1.185,307.841459ms,151.407959ms
10.1.1.185,286.946125ms,156.0415ms
10.1.1.187,1.497313875s,284.7505ms
10.1.1.188,500.867708ms,206.719001ms
10.1.1.188,518.95925ms,154.716209ms
10.1.1.187,1.459159458s,209.880708ms
10.1.1.187,1.447020041s,200.814208ms
10.1.1.189,1.142028125s,467.530167ms
10.1.1.186,1.133468292s,416.739042ms
10.1.1.187,1.701166167s,260.796458ms
10.1.1.187,1.396436625s,159.352375ms
10.1.1.189,547.997625ms,233.060375ms
10.1.1.186,1.2318085s,451.624126ms
10.1.1.187,648.753875ms,240.8355ms
10.1.1.189,665.264083ms,268.046417ms
10.1.1.187,1.592223084s,226.777334ms
10.1.1.191,1.130317083s,332.27875ms
10.1.1.189,609.988083ms,207.803459ms
10.1.1.191,677.279417ms,479.827542ms
10.1.1.185,710.289917ms,125.44275ms
10.1.1.191,988.025791ms,271.138917ms
10.1.1.189,1.292897542s,540.823ms
10.1.1.188,706.732ms,265.345834ms
10.1.1.188,706.671834ms,268.532792ms
10.1.1.189,1.273017833s,538.369834ms
10.1.1.191,687.185542ms,239.719959ms
10.1.1.188,641.439667ms,540.578251ms
10.1.1.185,1.0038695s,227.566708ms
10.1.1.186,693.885333ms,589.709126ms
10.1.1.189,271.997417ms,154.982209ms
10.1.1.185,672.16225ms,504.927251ms
10.1.1.187,618.030167ms,512.772083ms
10.1.1.185,543.822875ms,408.342916ms
10.1.1.186,309.980792ms,193.700542ms
10.1.1.187,710.949666ms,633.807958ms
10.1.1.191,516.123375ms,426.472167ms
10.1.1.189,592.759084ms,457.151459ms
10.1.1.186,730.1405ms,539.230292ms
10.1.1.191,532.617958ms,370.834916ms
10.1.1.189,656.3155ms,494.752125ms
10.1.1.189,765.662375ms,543.595292ms
10.1.1.185,683.4615ms,449.779542ms
10.1.1.191,598.603417ms,409.599167ms
10.1.1.189,690.738542ms,493.773417ms
10.1.1.188,393.551208ms,203.694959ms
10.1.1.191,694.292333ms,506.419958ms
10.1.1.185,657.984666ms,482.157542ms
10.1.1.189,399.766458ms,210.976583ms
10.1.1.189,936.656708ms,747.9635ms
10.1.1.191,764.638208ms,442.890708ms
10.1.1.189,967.014167ms,720.473459ms
10.1.1.187,869.486542ms,624.958667ms
10.1.1.187,739.668458ms,438.865125ms
10.1.1.188,401.893958ms,266.196292ms
10.1.1.187,826.587667ms,588.262083ms
10.1.1.191,945.466875ms,732.908375ms
10.1.1.187,419.409209ms,350.205417ms
10.1.1.188,530.782292ms,406.3955ms
10.1.1.186,367.971417ms,315.803875ms
10.1.1.187,884.414125ms,578.117708ms
10.1.1.188,468.010208ms,252.030708ms
10.1.1.186,410.987125ms,254.318708ms
10.1.1.188,321.031542ms,191.136375ms
10.1.1.187,381.70475ms,303.431208ms
10.1.1.185,380.596584ms,219.130959ms
10.1.1.191,300.154417ms,195.19375ms
10.1.1.188,312.992209ms,191.094459ms
10.1.1.187,513.334416ms,355.124709ms
10.1.1.189,490.568209ms,300.044917ms
10.1.1.186,561.860042ms,436.397625ms
10.1.1.185,517.234958ms,383.047501ms
10.1.1.189,463.529625ms,218.202584ms
10.1.1.186,681.346416ms,509.384251ms
10.1.1.185,501.254292ms,221.098958ms
10.1.1.188,303.205ms,194.316292ms
10.1.1.189,664.246708ms,413.932167ms
10.1.1.187,406.290125ms,217.25525ms
10.1.1.188,270.86925ms,131.535625ms
10.1.1.187,443.716791ms,226.329126ms
10.1.1.189,416.924917ms,297.218667ms
10.1.1.187,431.846625ms,219.318084ms
10.1.1.185,566.638ms,352.3765ms
10.1.1.188,347.181042ms,131.037166ms
10.1.1.189,409.930125ms,215.177ms
10.1.1.191,596.113583ms,466.660542ms
10.1.1.186,484.931541ms,284.476542ms
10.1.1.187,597.665167ms,327.366959ms
10.1.1.185,396.092875ms,239.062625ms
10.1.1.188,474.717833ms,250.113625ms
10.1.1.188,408.467458ms,275.1875ms
10.1.1.185,710.951334ms,501.885875ms
10.1.1.191,717.369ms,533.382001ms
10.1.1.185,610.297792ms,297.813917ms
10.1.1.191,699.938667ms,382.049541ms
10.1.1.188,704.139417ms,389.421083ms
10.1.1.191,611.124834ms,298.805917ms
10.1.1.188,621.803459ms,302.323667ms
10.1.1.188,707.861708ms,385.846667ms
10.1.1.189,681.330541ms,429.540625ms
10.1.1.187,567.607416ms,405.749708ms
10.1.1.185,663.801666ms,288.401625ms
10.1.1.185,497.174375ms,421.411917ms
10.1.1.185,602.923542ms,506.380958ms
10.1.1.188,670.175083ms,505.922792ms
10.1.1.187,670.7525ms,435.333875ms
10.1.1.187,589.619416ms,416.041792ms
10.1.1.191,529.885958ms,395.908583ms
10.1.1.189,712.32575ms,507.697417ms
10.1.1.189,712.785042ms,578.697875ms
10.1.1.191,825.057959ms,604.99825ms
10.1.1.185,812.821125ms,528.991167ms
10.1.1.185,723.648959ms,502.605375ms
10.1.1.191,594.326583ms,301.243625ms
10.1.1.189,730.002375ms,498.771417ms
10.1.1.188,729.851542ms,503.593959ms
10.1.1.185,650.118916ms,388.140625ms
10.1.1.188,857.05175ms,529.604584ms
10.1.1.185,856.961541ms,598.229834ms
10.1.1.191,697.841125ms,452.370292ms
10.1.1.191,699.274875ms,495.904001ms
10.1.1.188,709.026917ms,453.606834ms
10.1.1.189,688.755584ms,543.273501ms
10.1.1.188,785.17825ms,585.988709ms
10.1.1.187,648.25325ms,449.560542ms
10.1.1.185,810.13ms,548.289584ms
10.1.1.188,716.593458ms,600.585542ms
10.1.1.191,723.858791ms,496.581792ms
10.1.1.191,666.7465ms,539.153458ms
10.1.1.188,728.575708ms,450.195417ms
10.1.1.186,635.898625ms,387.160917ms
10.1.1.186,668.266375ms,498.387876ms
10.1.1.191,566.524209ms,314.957083ms
10.1.1.187,866.382459ms,634.372542ms
10.1.1.188,574.826625ms,336.7315ms
10.1.1.187,909.096167ms,695.578208ms
10.1.1.189,488.179042ms,253.909083ms
10.1.1.186,864.164959ms,623.533626ms
10.1.1.191,906.859709ms,564.789917ms
10.1.1.185,574.681791ms,337.791959ms
10.1.1.186,810.593625ms,495.969417ms
10.1.1.185,663.71225ms,418.343625ms
10.1.1.187,578.650375ms,304.289708ms
10.1.1.191,462.412667ms,303.185083ms
10.1.1.189,508.446291ms,281.201125ms
10.1.1.187,783.766958ms,511.660583ms
10.1.1.185,713.577041ms,379.157083ms
10.1.1.189,787.66ms,347.378875ms
10.1.1.187,575.86025ms,119.102542ms
10.1.1.191,688.729583ms,355.897792ms
10.1.1.188,800.931083ms,318.575292ms
10.1.1.191,678.707333ms,301.217542ms
10.1.1.189,567.802125ms,285.334667ms
10.1.1.187,1.106623125s,583.699376ms
10.1.1.188,1.005315875s,433.014126ms
10.1.1.187,713.4475ms,286.44625ms
10.1.1.185,991.913167ms,439.180709ms
10.1.1.186,575.298292ms,485.954375ms
10.1.1.187,1.029977167s,443.6385ms
10.1.1.185,897.983666ms,418.475167ms
10.1.1.191,581.512458ms,303.095292ms
10.1.1.188,1.183768125s,437.442167ms
10.1.1.186,529.608917ms,464.70475ms
10.1.1.188,904.811292ms,525.930666ms
10.1.1.191,627.490875ms,484.273417ms
10.1.1.191,652.963916ms,178.602875ms
10.1.1.188,561.087958ms,406.545167ms
10.1.1.186,604.347ms,468.204501ms
10.1.1.185,653.024542ms,492.676959ms
10.1.1.189,605.138625ms,454.769209ms
10.1.1.188,569.738041ms,420.935417ms
10.1.1.186,500.632958ms,408.749459ms
10.1.1.187,632.838917ms,496.155583ms
10.1.1.188,720.785958ms,567.646542ms
10.1.1.186,626.027416ms,473.850208ms
10.1.1.187,688.131083ms,504.629542ms
10.1.1.187,619.91ms,557.312375ms
10.1.1.186,594.103833ms,415.428251ms
10.1.1.187,694.054958ms,569.168583ms
10.1.1.189,503.904375ms,314.312501ms
10.1.1.189,687.562125ms,606.497042ms
10.1.1.185,580.26825ms,405.752958ms
10.1.1.191,681.162833ms,482.2445ms
10.1.1.189,688.867834ms,483.586376ms
10.1.1.186,687.180208ms,396.692667ms
10.1.1.186,874.013875ms,414.798334ms
10.1.1.186,422.750667ms,364.343417ms
10.1.1.186,421.851125ms,300.399ms
10.1.1.187,627.847959ms,306.51825ms
10.1.1.185,514.776875ms,407.160792ms
10.1.1.185,727.822666ms,489.345334ms
10.1.1.191,794.4655ms,622.098667ms
10.1.1.191,706.599625ms,498.55475ms
10.1.1.188,509.984791ms,373.915959ms
10.1.1.186,498.115291ms,313.347333ms
10.1.1.189,709.686292ms,392.894333ms
10.1.1.187,483.26675ms,300.208625ms
10.1.1.185,810.296375ms,412.949709ms
10.1.1.191,487.989875ms,304.493584ms
10.1.1.188,515.8495ms,330.90025ms
10.1.1.186,1.034797125s,484.615792ms
10.1.1.185,528.595833ms,309.7875ms
10.1.1.188,731.393834ms,522.434167ms
10.1.1.188,572.227083ms,390.2705ms
10.1.1.189,569.231917ms,333.440125ms
10.1.1.188,802.107625ms,518.670875ms
10.1.1.186,594.527042ms,407.128292ms
10.1.1.185,604.331459ms,288.524334ms
10.1.1.188,511.480542ms,315.489916ms
10.1.1.191,995.073541ms,598.004876ms
10.1.1.185,704.552375ms,518.212417ms
10.1.1.188,588.110208ms,333.141ms
10.1.1.185,667.858834ms,336.844834ms
10.1.1.185,695.962292ms,401.929834ms
10.1.1.188,702.287584ms,505.646375ms
10.1.1.185,711.958291ms,497.53475ms
10.1.1.188,717.256125ms,419.333876ms
10.1.1.191,810.697ms,607.161959ms
10.1.1.185,695.752709ms,498.281542ms
10.1.1.189,919.244167ms,606.663792ms
10.1.1.187,728.035916ms,527.5975ms
10.1.1.185,699.700167ms,505.350709ms
10.1.1.191,427.780792ms,300.636833ms
10.1.1.188,685.637541ms,411.08025ms
10.1.1.187,809.423833ms,505.115417ms
10.1.1.187,616.834875ms,380.618126ms
10.1.1.188,887.013833ms,328.025792ms
10.1.1.185,788.822917ms,631.899876ms
10.1.1.188,824.675917ms,596.091375ms
10.1.1.185,824.837667ms,613.061583ms
10.1.1.185,572.504625ms,215.008751ms
10.1.1.188,814.766208ms,490.972459ms
10.1.1.188,655.947666ms,508.513209ms
10.1.1.185,692.645334ms,423.845542ms
10.1.1.186,607.215ms,388.000834ms
10.1.1.191,677.406792ms,511.152834ms
10.1.1.189,703.837667ms,561.38375ms
10.1.1.185,669.252917ms,400.9055ms
10.1.1.187,807.160708ms,609.237292ms
10.1.1.185,695.619541ms,324.289792ms
10.1.1.185,687.70925ms,411.55725ms
10.1.1.191,786.670375ms,509.560416ms
10.1.1.185,1.192799417s,528.125167ms
10.1.1.185,780.793042ms,412.579458ms
10.1.1.185,1.302628125s,630.645376ms
10.1.1.187,683.502292ms,491.774625ms
10.1.1.187,602.993708ms,417.494792ms
10.1.1.187,880.559541ms,710.991501ms
10.1.1.191,506.145708ms,315.401875ms
10.1.1.187,800.908041ms,629.198792ms
10.1.1.185,736.827541ms,502.696792ms
10.1.1.185,595.479083ms,326.07475ms
10.1.1.191,491.085333ms,311.273709ms
10.1.1.191,615.802834ms,299.6185ms
10.1.1.185,565.749584ms,299.930375ms
10.1.1.186,590.680666ms,288.317666ms
10.1.1.187,795.054417ms,485.530416ms
10.1.1.191,685.720083ms,414.038667ms
10.1.1.185,902.146167ms,502.565875ms
10.1.1.185,786.532375ms,419.001625ms
10.1.1.185,1.113634417s,712.0825ms
10.1.1.186,583.920125ms,303.216917ms
10.1.1.188,689.571625ms,298.266583ms
10.1.1.189,704.782333ms,300.271583ms
10.1.1.185,978.985833ms,507.520625ms
10.1.1.188,807.955083ms,440.925917ms
10.1.1.191,803.553709ms,439.929833ms
10.1.1.189,612.749458ms,310.829042ms
10.1.1.189,688.740667ms,382.027292ms
10.1.1.185,932.148083ms,596.243ms
10.1.1.189,771.936125ms,322.019083ms
10.1.1.186,515.399083ms,201.293167ms
10.1.1.189,699.525291ms,302.025792ms
10.1.1.191,690.481375ms,492.888584ms
10.1.1.186,1.11442225s,603.872042ms
10.1.1.191,714.099209ms,213.124916ms
10.1.1.186,613.961708ms,412.589667ms
10.1.1.188,531.130458ms,198.257292ms
10.1.1.185,1.249749208s,711.984792ms
10.1.1.188,648.33725ms,360.158375ms
10.1.1.188,569.227541ms,279.893834ms
10.1.1.185,499.074ms,99.792709ms
10.1.1.191,802.216667ms,578.503917ms
10.1.1.185,1.199714625s,509.076708ms
10.1.1.189,908.27125ms,776.783542ms
10.1.1.185,610.41125ms,396.946917ms
10.1.1.189,539.321416ms,458.325875ms
10.1.1.187,586.88475ms,494.949208ms
10.1.1.186,587.288958ms,355.186625ms
10.1.1.189,517.107375ms,468.513666ms
10.1.1.185,1.291969541s,510.989375ms
10.1.1.187,587.713417ms,398.653375ms
10.1.1.189,510.604584ms,295.028583ms
10.1.1.191,703.789458ms,407.91075ms
10.1.1.191,788.89675ms,580.858917ms
10.1.1.191,658.5465ms,476.123833ms
10.1.1.186,492.888166ms,299.856167ms
10.1.1.189,671.751125ms,421.527875ms
10.1.1.191,374.48675ms,201.106292ms
10.1.1.186,502.501625ms,410.478667ms
10.1.1.191,502.6655ms,330.676125ms
10.1.1.191,503.4285ms,335.657333ms
10.1.1.191,596.102375ms,306.464708ms
10.1.1.188,516.329833ms,298.281875ms
10.1.1.187,610.860417ms,489.017209ms
10.1.1.188,800.337708ms,604.397041ms
10.1.1.186,581.533333ms,422.9715ms
10.1.1.186,390.892792ms,266.619125ms
10.1.1.186,384.099709ms,213.995001ms
10.1.1.191,808.629958ms,683.032292ms
10.1.1.185,728.49975ms,507.818417ms
10.1.1.186,702.5745ms,435.080251ms
10.1.1.185,509.489917ms,297.57975ms
10.1.1.191,500.872833ms,349.623875ms
10.1.1.189,920.139875ms,785.31325ms
10.1.1.191,801.345917ms,511.606292ms
10.1.1.185,808.142875ms,704.141334ms
10.1.1.191,982.550791ms,693.591042ms
10.1.1.186,812.069084ms,612.750334ms
10.1.1.191,672.3155ms,516.268167ms
10.1.1.191,1.012923834s,885.931667ms
10.1.1.187,703.663375ms,323.389251ms
10.1.1.186,834.283ms,698.234334ms
10.1.1.189,838.189625ms,701.135751ms
10.1.1.186,786.619125ms,670.814959ms
10.1.1.189,986.944209ms,779.024333ms
10.1.1.185,858.082ms,528.511417ms
10.1.1.188,816.459042ms,670.542167ms
10.1.1.186,637.628125ms,580.23575ms
10.1.1.188,703.371208ms,519.044625ms
10.1.1.185,685.598625ms,607.800042ms
10.1.1.189,824.542042ms,607.05375ms
10.1.1.189,424.965375ms,310.780292ms
10.1.1.191,880.106542ms,518.724376ms
10.1.1.191,680.31125ms,500.29025ms
10.1.1.186,688.967125ms,512.260292ms
10.1.1.189,582.891375ms,408.712333ms
10.1.1.189,509.797833ms,346.98075ms
10.1.1.187,861.598125ms,605.851583ms
10.1.1.187,882.690208ms,527.201667ms
10.1.1.185,516.535291ms,346.708ms
10.1.1.185,499.649333ms,345.719167ms
10.1.1.188,880.412542ms,601.96225ms
10.1.1.186,725.784916ms,544.985292ms
10.1.1.189,854.23125ms,507.372542ms
10.1.1.187,423.054667ms,380.561084ms
10.1.1.191,1.012036125s,803.779792ms
10.1.1.189,513.604083ms,403.433625ms
10.1.1.191,513.066042ms,349.816375ms
10.1.1.189,536.237291ms,403.668791ms
10.1.1.189,513.109292ms,384.605125ms
10.1.1.191,416.969333ms,295.558792ms
10.1.1.187,523.390334ms,407.958208ms
10.1.1.187,430.1545ms,295.542875ms
10.1.1.187,535.981833ms,403.16125ms
10.1.1.187,555.507583ms,312.5045ms
10.1.1.189,894.48775ms,380.078791ms
10.1.1.189,1.091930875s,501.300042ms
10.1.1.189,1.062961833s,403.589125ms
10.1.1.189,1.065646458s,388.469208ms
