10.1.1.152,381.677042ms,1.583µs
10.1.1.152,400.63925ms,458ns
10.1.1.151,420.621125ms,958ns
10.1.1.151,86.414542ms,2.334µs
10.1.1.152,83.946666ms,4µs
10.1.1.149,528.7655ms,1.191917ms
10.1.1.153,696.878791ms,750ns
10.1.1.150,793.630166ms,1.625µs
10.1.1.151,97.717334ms,4.916µs
10.1.1.152,46.102458ms,2µs
10.1.1.153,91.692584ms,834ns
10.1.1.149,53.077458ms,2µs
10.1.1.154,961.188333ms,1.875µs
10.1.1.151,26.657791ms,1.958µs
10.1.1.150,71.26725ms,2µs
10.1.1.152,50.576ms,7.542µs
10.1.1.153,92.604625ms,2.292µs
10.1.1.154,67.048875ms,3.5µs
10.1.1.149,53.098875ms,5.833µs
10.1.1.150,52.988709ms,3.5µs
10.1.1.153,1.164846208s,500ns
10.1.1.153,1.227527708s,958ns
10.1.1.152,87.834375ms,792ns
10.1.1.149,30.132916ms,2.625µs
10.1.1.151,130.732833ms,1.875µs
10.1.1.154,67.412292ms,1.708µs
10.1.1.152,1.310055834s,1.166µs
10.1.1.150,42.628833ms,2.208µs
10.1.1.151,55.345ms,917ns
10.1.1.152,54.907542ms,2.25µs
10.1.1.153,200.120709ms,1.083µs
10.1.1.153,91.207625ms,2.833µs
10.1.1.154,49.875541ms,2.5µs
10.1.1.150,44.837792ms,1.625µs
10.1.1.151,61.513541ms,2.958µs
10.1.1.149,81.573125ms,1.209µs
10.1.1.153,70.942041ms,1.916µs
10.1.1.152,93.581709ms,2µs
10.1.1.150,65.726916ms,2.375µs
10.1.1.151,81.813458ms,1.917µs
10.1.1.149,113.9605ms,1.667µs
10.1.1.154,130.571167ms,1.584µs
10.1.1.152,106.47875ms,1.791µs
10.1.1.153,72.829ms,14.625µs
10.1.1.153,1.571963417s,500ns
10.1.1.150,53.4745ms,1.041µs
10.1.1.149,53.719583ms,2.292µs
10.1.1.154,53.734625ms,1.833µs
10.1.1.154,1.599420042s,750ns
10.1.1.151,61.841667ms,1.875µs
10.1.1.150,38.103791ms,1.875µs
10.1.1.153,67.977459ms,1.875µs
10.1.1.154,43.272709ms,1.375µs
10.1.1.149,48.796625ms,958ns
10.1.1.152,79.504792ms,1.667µs
10.1.1.151,64.811959ms,2.167µs
10.1.1.152,75.537666ms,2.209µs
10.1.1.149,51.595792ms,833ns
10.1.1.153,74.333416ms,2.458µs
10.1.1.154,76.246125ms,2.666µs
10.1.1.150,75.966583ms,2.5µs
10.1.1.152,59.300042ms,2µs
10.1.1.151,102.016542ms,1.875µs
10.1.1.153,40.330084ms,1.625µs
10.1.1.150,50.887917ms,1.959µs
10.1.1.154,66.843291ms,1.375µs
10.1.1.152,53.770125ms,792ns
10.1.1.151,49.69025ms,1.375µs
10.1.1.149,66.931792ms,1.333µs
10.1.1.153,56.344125ms,2.958µs
10.1.1.149,34.622875ms,1.834µs
10.1.1.152,39.36025ms,1.708µs
10.1.1.151,39.838708ms,1.792µs
10.1.1.154,85.158334ms,1.708µs
10.1.1.153,55.601917ms,1.834µs
10.1.1.150,81.863667ms,750ns
10.1.1.149,53.208792ms,834ns
10.1.1.150,68.81575ms,3.25µs
10.1.1.151,68.774042ms,1.875µs
10.1.1.152,56.901958ms,2.167µs
10.1.1.154,90.94425ms,1.833µs
10.1.1.153,48.305709ms,1.917µs
10.1.1.154,71.470667ms,1.792µs
10.1.1.151,1.905454042s,1.5µs
10.1.1.149,66.962583ms,1.75µs
10.1.1.150,48.891959ms,1.875µs
10.1.1.151,49.82975ms,1.75µs
10.1.1.153,71.615459ms,1.291µs
10.1.1.154,70.167708ms,709ns
10.1.1.149,64.551125ms,6.417µs
10.1.1.152,91.744667ms,1.375µs
10.1.1.151,1.987692125s,1.416µs
10.1.1.150,82.546042ms,1.667µs
10.1.1.152,69.973667ms,625ns
10.1.1.151,72.722416ms,1.792µs
10.1.1.154,54.65825ms,958ns
10.1.1.150,43.377542ms,1.709µs
10.1.1.153,77.563291ms,750ns
10.1.1.149,60.388833ms,2.083µs
10.1.1.154,2.029432375s,1.5µs
10.1.1.153,66.320708ms,1.583µs
10.1.1.152,87.007542ms,1.709µs
10.1.1.152,65.256708ms,542ns
10.1.1.149,61.457666ms,875ns
10.1.1.153,48.46575ms,1.542µs
10.1.1.154,72.487708ms,1.833µs
10.1.1.151,72.419625ms,584ns
10.1.1.151,104.84375ms,2.542µs
10.1.1.150,97.50925ms,833ns
10.1.1.154,78.84275ms,1.583µs
10.1.1.152,2.115859334s,1.834µs
10.1.1.149,61.639666ms,1.75µs
10.1.1.150,85.17725ms,1.75µs
10.1.1.152,106.795708ms,1.333µs
10.1.1.153,109.859625ms,542ns
10.1.1.149,2.179764958s,1.625µs
10.1.1.151,110.506875ms,750ns
10.1.1.154,95.510459ms,2.708µs
10.1.1.149,112.531792ms,1.459µs
10.1.1.153,77.714209ms,2.875µs
10.1.1.154,44.046125ms,1.375µs
10.1.1.149,88.466542ms,1.041µs
10.1.1.152,97.113791ms,542ns
10.1.1.150,123.43475ms,542ns
10.1.1.151,117.11425ms,1µs
10.1.1.150,50.891292ms,1.333µs
10.1.1.151,51.526292ms,1.667µs
10.1.1.154,68.763791ms,709ns
10.1.1.151,2.261091042s,541ns
10.1.1.152,81.308458ms,2µs
10.1.1.150,62.627833ms,667ns
10.1.1.154,61.265916ms,2.5µs
10.1.1.152,74.587625ms,708ns
10.1.1.150,68.626833ms,2.167µs
10.1.1.153,139.292167ms,1.333µs
10.1.1.153,115.39525ms,750ns
10.1.1.154,2.319944834s,3.542µs
10.1.1.149,126.322958ms,2.875µs
10.1.1.149,120.555792ms,3.291µs
10.1.1.154,69.87025ms,750ns
10.1.1.151,137.380792ms,2.917µs
10.1.1.151,57.864334ms,1µs
10.1.1.151,105.511ms,1.792µs
10.1.1.150,83.67375ms,708ns
10.1.1.153,79.568833ms,1.083µs
10.1.1.152,83.400833ms,9.666µs
10.1.1.149,79.475667ms,3.417µs
10.1.1.152,70.392042ms,1.667µs
10.1.1.153,2.401274917s,2.041µs
10.1.1.152,88.790083ms,958ns
10.1.1.154,105.646333ms,667ns
10.1.1.153,118.274208ms,2.208µs
10.1.1.149,118.885167ms,1.125µs
10.1.1.153,98.295666ms,1.958µs
10.1.1.154,146.006083ms,3.5µs
10.1.1.151,157.159959ms,2.125µs
10.1.1.150,157.604583ms,2.083µs
10.1.1.149,159.862417ms,2.791µs
10.1.1.153,165.833292ms,1.167µs
10.1.1.150,156.137292ms,1.792µs
10.1.1.152,146.385959ms,3.083µs
10.1.1.154,111.844417ms,1.833µs
10.1.1.151,161.886875ms,2.375µs
10.1.1.151,115.180083ms,1.75µs
10.1.1.150,148.903792ms,2.667µs
10.1.1.151,2.574766334s,583ns
10.1.1.150,96.935917ms,792ns
10.1.1.154,136.278458ms,1.292µs
10.1.1.153,135.575958ms,583ns
10.1.1.149,102.786834ms,1.542µs
10.1.1.152,144.242916ms,1.625µs
10.1.1.149,216.689625ms,666ns
10.1.1.152,98.793792ms,1.333µs
10.1.1.150,70.663459ms,1.333µs
10.1.1.149,63.406791ms,834ns
10.1.1.151,161.136084ms,2.5µs
10.1.1.154,63.650958ms,1.208µs
10.1.1.153,150.344917ms,1.875µs
10.1.1.149,156.180667ms,709ns
10.1.1.154,151.392708ms,2.333µs
10.1.1.150,89.032041ms,667ns
10.1.1.153,88.881166ms,1.708µs
10.1.1.153,2.664088917s,458ns
10.1.1.151,83.88275ms,1.875µs
10.1.1.154,93.15875ms,625ns
10.1.1.152,101.604541ms,4.834µs
10.1.1.152,179.78075ms,666ns
10.1.1.151,248.005667ms,1.041µs
10.1.1.153,184.705542ms,1.625µs
10.1.1.149,2.768200667s,542ns
10.1.1.150,2.768188s,500ns
10.1.1.149,217.551125ms,1.833µs
10.1.1.150,202.33625ms,1.959µs
10.1.1.151,174.324458ms,2.083µs
10.1.1.153,150.917791ms,1.333µs
10.1.1.151,163.620708ms,1.667µs
10.1.1.154,174.35925ms,1.458µs
10.1.1.152,200.122791ms,1.625µs
10.1.1.154,190.952625ms,750ns
10.1.1.153,185.619542ms,2.125µs
10.1.1.150,93.681541ms,2.917µs
10.1.1.149,229.90575ms,708ns
10.1.1.150,255.672125ms,500ns
10.1.1.152,268.657417ms,1.625µs
10.1.1.149,272.66275ms,17.584µs
10.1.1.154,210.119875ms,1.042µs
10.1.1.152,305.604916ms,1.541µs
10.1.1.152,2.983278041s,500ns
10.1.1.151,318.423916ms,1.708µs
10.1.1.149,2.982585417s,750ns
10.1.1.153,222.150792ms,667ns
10.1.1.153,3.005466542s,875ns
10.1.1.153,199.883458ms,667ns
10.1.1.152,175.9195ms,500ns
10.1.1.149,186.7375ms,2.25µs
10.1.1.150,152.749792ms,1.084µs
10.1.1.154,200.371959ms,958ns
10.1.1.150,274.832333ms,416ns
10.1.1.149,243.396375ms,1.584µs
10.1.1.153,236.694292ms,541ns
10.1.1.152,247.369917ms,500ns
10.1.1.152,96.988667ms,4.5µs
10.1.1.150,173.665791ms,2.292µs
10.1.1.154,145.366667ms,1.416µs
10.1.1.154,292.554792ms,750ns
10.1.1.150,3.142208292s,709ns
10.1.1.151,247.851458ms,667ns
10.1.1.151,336.3935ms,542ns
10.1.1.154,160.339584ms,1.125µs
10.1.1.150,192.346167ms,2.208µs
10.1.1.150,3.175042875s,708ns
10.1.1.152,200.842583ms,667ns
10.1.1.151,200.893542ms,583ns
10.1.1.154,108.194709ms,583ns
10.1.1.149,178.524ms,19.541µs
10.1.1.153,126.698708ms,1.541µs
10.1.1.153,201.135875ms,3.542µs
10.1.1.151,121.160958ms,1.875µs
10.1.1.153,98.148666ms,1.583µs
10.1.1.154,87.968834ms,500ns
10.1.1.150,228.111333ms,1.458µs
10.1.1.151,67.88375ms,791ns
10.1.1.150,204.052208ms,1.917µs
10.1.1.152,233.100458ms,1.5µs
10.1.1.152,119.247917ms,1.542µs
10.1.1.149,180.255625ms,625ns
10.1.1.149,387.163583ms,500ns
10.1.1.153,80.436125ms,1.875µs
10.1.1.151,227.579125ms,1.917µs
10.1.1.153,121.54875ms,1.791µs
10.1.1.152,101.128875ms,541ns
10.1.1.149,105.661584ms,2.25µs
10.1.1.154,105.655791ms,2.708µs
10.1.1.149,3.314922917s,583ns
10.1.1.150,159.224209ms,1.791µs
10.1.1.152,150.692291ms,2.875µs
10.1.1.154,137.702334ms,2.959µs
10.1.1.152,97.463834ms,76.334µs
10.1.1.151,156.842875ms,1.75µs
10.1.1.150,156.929792ms,1.417µs
10.1.1.151,97.778167ms,1.25µs
10.1.1.150,150.5835ms,19.292µs
10.1.1.151,99.861417ms,959ns
10.1.1.149,172.0615ms,750ns
10.1.1.149,79.188792ms,875ns
10.1.1.150,99.975292ms,750ns
10.1.1.150,66.328042ms,1.875µs
10.1.1.154,108.334333ms,1.917µs
10.1.1.151,91.64925ms,3.292µs
10.1.1.154,137.169708ms,1.667µs
10.1.1.153,161.5375ms,1.833µs
10.1.1.149,148.479792ms,1.708µs
10.1.1.152,170.115ms,1.042µs
10.1.1.151,3.439795625s,583ns
10.1.1.153,210.101875ms,2.209µs
10.1.1.150,3.48209225s,10.375µs
10.1.1.153,192.275917ms,1.125µs
10.1.1.154,174.30375ms,2.375µs
10.1.1.149,174.307917ms,958ns
10.1.1.149,174.399625ms,1.75µs
10.1.1.149,110.4005ms,958ns
10.1.1.154,2.685998875s,3.291µs
10.1.1.154,3.546601s,500ns
10.1.1.151,3.546679584s,1.833µs
10.1.1.152,212.82475ms,35.334µs
10.1.1.154,205.696291ms,500ns
10.1.1.153,236.605959ms,1.292µs
10.1.1.149,207.669208ms,709ns
10.1.1.153,257.878417ms,666ns
10.1.1.150,3.59230975s,542ns
10.1.1.150,236.720584ms,791ns
10.1.1.151,243.708041ms,625ns
10.1.1.152,243.768083ms,2.083µs
10.1.1.151,243.91125ms,500ns
10.1.1.154,243.655042ms,1.833µs
10.1.1.152,218.378917ms,958ns
10.1.1.150,169.090125ms,500ns
10.1.1.152,273.442583ms,708ns
10.1.1.153,273.623666ms,1µs
10.1.1.151,105.687667ms,1.417µs
10.1.1.149,103.762792ms,1.375µs
10.1.1.150,230.962583ms,750ns
10.1.1.153,140.228583ms,3.208µs
10.1.1.152,144.978083ms,2.708µs
10.1.1.154,145.168459ms,2.833µs
10.1.1.151,202.725834ms,834ns
10.1.1.151,132.019542ms,196.875µs
10.1.1.153,128.033584ms,1.416µs
10.1.1.154,113.197709ms,1.584µs
10.1.1.152,165.992ms,916ns
10.1.1.149,133.747417ms,1.625µs
10.1.1.149,141.090917ms,1.834µs
10.1.1.151,151.994041ms,1.667µs
10.1.1.154,145.009208ms,834ns
10.1.1.153,152.00425ms,459ns
10.1.1.150,162.751625ms,3.5µs
10.1.1.153,3.759283416s,583ns
10.1.1.152,211.8655ms,625ns
10.1.1.152,163.021291ms,3.708µs
10.1.1.153,175.014ms,2.166µs
10.1.1.154,181.036917ms,1.167µs
10.1.1.150,312.798625ms,2.125µs
10.1.1.153,146.310334ms,667ns
10.1.1.151,198.765959ms,1µs
10.1.1.152,146.782208ms,2.458µs
10.1.1.151,214.455291ms,542ns
10.1.1.149,220.99725ms,2.416µs
10.1.1.153,283.4025ms,1.584µs
10.1.1.149,256.414333ms,1.834µs
10.1.1.154,233.866875ms,709ns
10.1.1.150,241.162625ms,875ns
10.1.1.154,364.759958ms,1.708µs
10.1.1.152,323.405916ms,2.083µs
10.1.1.153,225.45725ms,917ns
10.1.1.152,239.257333ms,1.583µs
10.1.1.151,310.967542ms,583ns
10.1.1.149,263.213083ms,1.292µs
10.1.1.151,241.615958ms,2.25µs
10.1.1.150,373.757417ms,1.708µs
10.1.1.154,4.012819125s,584ns
10.1.1.152,4.016124625s,666ns
10.1.1.154,77.253917ms,1.625µs
10.1.1.154,4.0163145s,583ns
10.1.1.150,97.295042ms,667ns
10.1.1.154,4.0505915s,542ns
10.1.1.149,103.697209ms,41.166µs
10.1.1.152,4.067103s,500ns
10.1.1.151,120.34625ms,2.75µs
10.1.1.153,89.374084ms,750ns
10.1.1.152,89.495291ms,1.75µs
10.1.1.154,89.860792ms,958ns
10.1.1.150,98.820583ms,2.084µs
10.1.1.150,86.170334ms,500ns
10.1.1.151,93.773292ms,625ns
10.1.1.153,113.357667ms,542ns
10.1.1.151,117.643416ms,792ns
10.1.1.152,63.581459ms,1.75µs
10.1.1.149,104.491583ms,750ns
10.1.1.154,107.723166ms,1.75µs
10.1.1.149,149.84ms,1.666µs
10.1.1.152,148.382084ms,1.125µs
10.1.1.154,106.806917ms,1.041µs
10.1.1.151,105.401334ms,750ns
10.1.1.150,108.525792ms,2.25µs
10.1.1.153,143.929834ms,1.125µs
10.1.1.154,128.180209ms,792ns
10.1.1.150,97.114ms,1.209µs
10.1.1.153,140.25875ms,750ns
10.1.1.149,97.275708ms,1.708µs
10.1.1.152,151.225125ms,791ns
10.1.1.149,177.439042ms,1.625µs
10.1.1.151,136.931083ms,2.167µs
10.1.1.153,137.037125ms,3.459µs
10.1.1.152,152.447792ms,1.917µs
10.1.1.154,127.20375ms,2.875µs
10.1.1.151,106.167166ms,2.084µs
10.1.1.150,117.482ms,1.083µs
10.1.1.153,113.11325ms,709ns
10.1.1.152,66.760833ms,1.167µs
10.1.1.150,72.517083ms,791ns
10.1.1.153,66.835584ms,625ns
10.1.1.149,153.641166ms,1.5µs
10.1.1.154,107.189666ms,2.875µs
10.1.1.151,75.2695ms,1.541µs
10.1.1.149,4.323040333s,666ns
10.1.1.149,150.076625ms,666ns
10.1.1.150,160.464875ms,1.833µs
10.1.1.154,162.659667ms,1.792µs
10.1.1.151,162.061209ms,792ns
10.1.1.152,177.866875ms,6.125µs
10.1.1.150,157.235125ms,1.667µs
10.1.1.154,169.404666ms,1.875µs
10.1.1.153,165.542583ms,2.541µs
10.1.1.149,4.439968916s,1µs
10.1.1.149,4.459392625s,541ns
10.1.1.154,213.438875ms,708ns
10.1.1.149,213.090166ms,1.917µs
10.1.1.151,213.376584ms,542ns
10.1.1.152,127.805291ms,875ns
10.1.1.149,238.055958ms,2.541µs
10.1.1.149,166.782167ms,1.459µs
10.1.1.153,209.850625ms,500ns
10.1.1.150,215.374542ms,1.875µs
10.1.1.152,4.511381708s,1.625µs
10.1.1.153,106.054542ms,1.584µs
10.1.1.152,250.114875ms,1.834µs
10.1.1.151,278.048416ms,1.791µs
10.1.1.153,4.150116917s,1.791µs
10.1.1.150,140.538708ms,1.5µs
10.1.1.152,130.796125ms,875ns
10.1.1.151,154.163958ms,1.75µs
10.1.1.149,187.405375ms,584ns
10.1.1.153,154.685125ms,833ns
10.1.1.151,104.968541ms,1.458µs
10.1.1.154,166.33075ms,1.875µs
10.1.1.150,210.571375ms,3.458µs
10.1.1.151,210.141708ms,792ns
10.1.1.152,210.485875ms,500ns
10.1.1.153,235.040708ms,1.167µs
10.1.1.150,243.912125ms,1.792µs
10.1.1.151,263.184167ms,1.584µs
10.1.1.152,354.312916ms,1.625µs
10.1.1.152,270.353167ms,2.291µs
10.1.1.151,189.032458ms,3.541µs
10.1.1.149,431.815542ms,1.5µs
10.1.1.153,222.600959ms,5µs
10.1.1.150,393.852209ms,4.417µs
10.1.1.150,358.319792ms,1.834µs
10.1.1.152,387.472417ms,2.166µs
10.1.1.149,470.870167ms,1.25µs
10.1.1.153,102.509708ms,2.417µs
10.1.1.151,178.692834ms,1.542µs
10.1.1.153,5.009739875s,1.666µs
10.1.1.152,194.408625ms,625ns
10.1.1.152,57.011333ms,2.25µs
10.1.1.151,1.248779584s,1.125µs
10.1.1.151,91.1605ms,2.084µs
10.1.1.150,132.98475ms,5.458µs
10.1.1.154,668.131125ms,833ns
10.1.1.149,413.0555ms,5.125µs
10.1.1.150,5.122474542s,1.584µs
10.1.1.150,132.569333ms,1.25µs
10.1.1.153,118.763ms,1.125µs
10.1.1.152,132.910375ms,833ns
10.1.1.154,4.695617166s,1.959µs
10.1.1.151,123.735958ms,1.792µs
10.1.1.150,96.89425ms,1.667µs
10.1.1.153,210.6975ms,2µs
10.1.1.153,676.800667ms,5.125µs
10.1.1.153,88.812916ms,1.916µs
10.1.1.149,178.524042ms,5.25µs
10.1.1.149,659.924583ms,5.416µs
10.1.1.151,94.305333ms,1.75µs
10.1.1.150,142.2255ms,1.75µs
10.1.1.154,310.262375ms,1.916µs
10.1.1.151,5.292667792s,708ns
10.1.1.154,820.866666ms,1.917µs
10.1.1.154,191.848625ms,1.833µs
10.1.1.152,196.433792ms,1.791µs
10.1.1.151,316.658833ms,1.959µs
10.1.1.151,145.780709ms,1.584µs
10.1.1.152,158.996375ms,3.125µs
10.1.1.154,127.577667ms,1.917µs
10.1.1.152,112.279458ms,2.333µs
10.1.1.149,234.735416ms,1.208µs
10.1.1.153,195.651292ms,1.542µs
10.1.1.149,185.187709ms,834ns
10.1.1.151,2.441749083s,1.625µs
10.1.1.152,58.736333ms,1.167µs
10.1.1.150,170.244042ms,792ns
10.1.1.149,78.548417ms,2.292µs
10.1.1.150,5.406066708s,500ns
10.1.1.153,94.362ms,1.375µs
10.1.1.154,96.084208ms,2.792µs
10.1.1.152,44.351875ms,1.209µs
10.1.1.151,126.830584ms,1.667µs
10.1.1.153,173.469666ms,750ns
10.1.1.154,213.31425ms,625ns
10.1.1.150,143.779417ms,1.625µs
10.1.1.150,164.332667ms,1.75µs
10.1.1.154,107.211209ms,958ns
10.1.1.151,193.549959ms,1.125µs
10.1.1.149,204.310708ms,1.459µs
10.1.1.149,110.473334ms,1.833µs
10.1.1.153,135.871375ms,542ns
10.1.1.150,86.479209ms,1µs
10.1.1.152,115.90125ms,1.958µs
10.1.1.151,123.325208ms,1.916µs
10.1.1.150,5.0289715s,1.75µs
10.1.1.149,171.768792ms,2.5µs
10.1.1.152,103.987542ms,1.042µs
10.1.1.151,187.696584ms,667ns
10.1.1.153,187.602458ms,542ns
10.1.1.152,120.28275ms,1.792µs
10.1.1.154,109.862625ms,666ns
10.1.1.151,121.8565ms,959ns
10.1.1.149,152.758167ms,1.417µs
10.1.1.153,152.978375ms,1.875µs
10.1.1.154,214.053917ms,667ns
10.1.1.150,136.019542ms,1.542µs
10.1.1.150,89.509042ms,750ns
10.1.1.151,91.271791ms,1.958µs
10.1.1.149,65.053208ms,708ns
10.1.1.149,91.24125ms,1.166µs
10.1.1.150,91.367291ms,500ns
10.1.1.150,181.557666ms,1.583µs
10.1.1.152,114.313458ms,625ns
10.1.1.154,146.595625ms,2.416µs
10.1.1.153,185.162292ms,1.959µs
10.1.1.152,131.978084ms,26.916µs
10.1.1.153,137.418292ms,542ns
10.1.1.151,140.554833ms,5.875µs
10.1.1.153,103.429833ms,1.75µs
10.1.1.150,113.405291ms,625ns
10.1.1.152,90.404542ms,459ns
10.1.1.154,116.093333ms,1.542µs
10.1.1.154,186.729333ms,959ns
10.1.1.151,106.353709ms,1.5µs
10.1.1.149,125.157917ms,4.084µs
10.1.1.149,81.057041ms,3µs
10.1.1.150,69.687084ms,1.625µs
10.1.1.153,137.065084ms,833ns
10.1.1.152,1.643084791s,1.166µs
10.1.1.151,99.016041ms,1.291µs
10.1.1.153,83.535417ms,1.541µs
10.1.1.150,5.904613791s,458ns
10.1.1.151,99.938917ms,1.667µs
10.1.1.149,115.389584ms,667ns
10.1.1.153,121.662708ms,1.75µs
10.1.1.152,190.656291ms,1.25µs
10.1.1.151,144.382667ms,459ns
10.1.1.154,167.623167ms,667ns
10.1.1.149,173.877917ms,459ns
10.1.1.150,176.364375ms,1.458µs
10.1.1.152,129.371ms,2.625µs
10.1.1.153,138.872292ms,1.375µs
10.1.1.154,113.680542ms,1.916µs
10.1.1.150,208.700583ms,458ns
10.1.1.150,75.372375ms,1.5µs
10.1.1.154,60.659666ms,1.25µs
10.1.1.153,54.167834ms,2µs
10.1.1.149,122.766791ms,1.875µs
10.1.1.149,74.108459ms,1.125µs
10.1.1.151,109.457333ms,708ns
10.1.1.152,93.656125ms,584ns
10.1.1.152,241.70475ms,1.625µs
10.1.1.154,285.484625ms,1.458µs
10.1.1.150,114.156459ms,1.625µs
10.1.1.153,119.368708ms,2.625µs
10.1.1.149,116.415708ms,1.917µs
10.1.1.150,89.720417ms,750ns
10.1.1.152,126.992375ms,2.75µs
10.1.1.151,127.137125ms,1.458µs
10.1.1.150,128.974125ms,1.167µs
10.1.1.149,69.875042ms,1.417µs
10.1.1.152,72.1555ms,3.625µs
10.1.1.154,159.534459ms,666ns
10.1.1.151,200.493208ms,1.833µs
10.1.1.151,138.34425ms,583ns
10.1.1.153,137.162625ms,1.583µs
10.1.1.154,138.48525ms,1.375µs
10.1.1.153,53.561292ms,1.708µs
10.1.1.152,188.840042ms,2.041µs
10.1.1.154,48.692334ms,2.833µs
10.1.1.149,106.571625ms,2.209µs
10.1.1.150,123.231958ms,2.083µs
10.1.1.150,133.337917ms,625ns
10.1.1.151,133.804667ms,458ns
10.1.1.151,158.624458ms,2.042µs
10.1.1.153,142.447959ms,1.459µs
10.1.1.152,159.147375ms,1.708µs
10.1.1.154,165.313583ms,834ns
10.1.1.149,5.859630833s,1.625µs
10.1.1.150,152.898708ms,1.917µs
10.1.1.152,67.835291ms,1.708µs
10.1.1.149,176.901334ms,708ns
10.1.1.151,92.364667ms,2.875µs
10.1.1.152,184.631791ms,500ns
10.1.1.149,171.456792ms,1.166µs
10.1.1.153,50.016375ms,1.667µs
10.1.1.153,179.185666ms,2.291µs
10.1.1.154,197.56825ms,1.25µs
10.1.1.151,66.796625ms,667ns
10.1.1.154,71.484917ms,792ns
10.1.1.149,71.320333ms,750ns
10.1.1.152,56.288208ms,1.25µs
10.1.1.150,74.374458ms,56.208µs
10.1.1.149,81.982917ms,666ns
10.1.1.150,63.500708ms,1.583µs
10.1.1.152,81.980625ms,584ns
10.1.1.153,55.671417ms,1.458µs
10.1.1.153,77.821958ms,1.709µs
10.1.1.154,87.422ms,750ns
10.1.1.151,79.456583ms,1.709µs
10.1.1.151,75.148333ms,875ns
10.1.1.154,83.103709ms,1.541µs
10.1.1.150,82.592625ms,875ns
10.1.1.153,97.962458ms,667ns
10.1.1.152,89.989333ms,1.833µs
10.1.1.149,177.520625ms,1.5µs
10.1.1.154,162.879458ms,1.542µs
10.1.1.151,152.309666ms,1.916µs
10.1.1.153,152.362ms,583ns
10.1.1.152,152.313875ms,1.75µs
10.1.1.152,136.343625ms,917ns
10.1.1.153,97.395625ms,1.416µs
10.1.1.149,208.954833ms,2.167µs
10.1.1.151,138.509458ms,2.125µs
10.1.1.150,166.010917ms,583ns
10.1.1.150,138.555792ms,2.25µs
10.1.1.149,166.040917ms,917ns
10.1.1.154,153.117042ms,2.583µs
10.1.1.151,65.575416ms,2µs
10.1.1.154,172.062833ms,1.542µs
10.1.1.149,72.103541ms,708ns
10.1.1.150,76.380667ms,2.083µs
10.1.1.153,101.86825ms,875ns
10.1.1.154,108.950541ms,667ns
10.1.1.152,117.707084ms,18.5µs
10.1.1.154,104.641959ms,916ns
10.1.1.149,111.641209ms,1.917µs
10.1.1.151,102.460459ms,1.583µs
10.1.1.153,149.560792ms,875ns
10.1.1.150,130.047416ms,709.209µs
10.1.1.152,130.051167ms,1.125µs
10.1.1.154,149.862208ms,2.166µs
10.1.1.153,91.370125ms,1.583µs
10.1.1.152,95.764458ms,1.583µs
10.1.1.149,91.55825ms,2.541µs
10.1.1.151,86.828875ms,667ns
10.1.1.151,182.827959ms,1.208µs
10.1.1.150,84.359375ms,625ns
10.1.1.154,100.721583ms,1.375µs
10.1.1.153,110.853875ms,709ns
10.1.1.152,117.723125ms,1.583µs
10.1.1.153,94.285625ms,458ns
10.1.1.150,95.169375ms,791ns
10.1.1.151,95.2215ms,542ns
10.1.1.149,110.480458ms,2.333µs
10.1.1.149,89.334583ms,1.5µs
10.1.1.152,119.688333ms,500ns
10.1.1.150,86.48675ms,916ns
10.1.1.154,128.233958ms,1.25µs
10.1.1.152,133.569209ms,1.625µs
10.1.1.149,3.119707916s,1.459µs
10.1.1.151,133.916334ms,3.625µs
10.1.1.150,3.315926583s,1.125µs
10.1.1.151,120.918042ms,1.625µs
10.1.1.153,143.513ms,4.708µs
10.1.1.152,127.519292ms,500ns
10.1.1.150,58.97125ms,709ns
10.1.1.154,68.887459ms,1.75µs
10.1.1.149,162.682375ms,3.625µs
10.1.1.153,168.816833ms,1.833µs
10.1.1.154,147.425083ms,4.458µs
10.1.1.151,195.430583ms,1.708µs
10.1.1.154,162.294625ms,1.084µs
10.1.1.153,108.837208ms,583ns
10.1.1.149,166.887ms,1.625µs
10.1.1.150,70.163916ms,1.875µs
10.1.1.149,124.617708ms,1.5µs
10.1.1.152,168.398166ms,458ns
10.1.1.150,177.155459ms,792ns
10.1.1.152,89.823333ms,917ns
10.1.1.153,87.07025ms,3.042µs
10.1.1.151,106.623834ms,1.542µs
10.1.1.151,68.878583ms,1.083µs
10.1.1.152,65.43075ms,3.084µs
10.1.1.150,64.232875ms,6.208µs
10.1.1.149,105.476417ms,5.875µs
10.1.1.150,72.549625ms,709ns
10.1.1.154,123.691084ms,6.125µs
10.1.1.153,91.689875ms,1.583µs
10.1.1.149,3.978513584s,1.709µs
10.1.1.152,82.106458ms,792ns
10.1.1.154,96.699291ms,500ns
10.1.1.151,87.274209ms,1.334µs
10.1.1.150,65.583459ms,917ns
10.1.1.151,55.869708ms,1.875µs
10.1.1.152,64.438375ms,1.833µs
10.1.1.153,3.328827625s,4.167µs
10.1.1.153,112.27475ms,542ns
10.1.1.149,121.603333ms,750ns
10.1.1.149,2.177730042s,1.458µs
10.1.1.149,78.309833ms,2.041µs
10.1.1.150,78.349625ms,667ns
10.1.1.152,67.840542ms,2.5µs
10.1.1.154,143.931ms,2.167µs
10.1.1.154,139.625292ms,1.792µs
10.1.1.151,102.26925ms,1.75µs
10.1.1.150,117.970042ms,2µs
10.1.1.149,118.058792ms,916ns
10.1.1.153,164.139167ms,2.25µs
10.1.1.153,112.717959ms,875ns
10.1.1.151,93.075584ms,1.292µs
10.1.1.154,117.3225ms,1.458µs
10.1.1.152,80.03625ms,1.625µs
10.1.1.149,60.971292ms,1.334µs
10.1.1.151,85.583625ms,2.042µs
10.1.1.152,85.654417ms,500ns
10.1.1.153,141.691417ms,833ns
10.1.1.154,104.294791ms,542ns
10.1.1.150,123.112458ms,833ns
10.1.1.154,174.392667ms,3.334µs
10.1.1.149,233.696791ms,1.792µs
10.1.1.149,149.283542ms,1.125µs
10.1.1.151,67.84425ms,1.625µs
10.1.1.152,71.458958ms,1.709µs
10.1.1.153,71.41575ms,458ns
10.1.1.150,92.023416ms,2.333µs
10.1.1.154,77.407375ms,708ns
10.1.1.150,89.976375ms,1.541µs
10.1.1.151,85.494708ms,3.042µs
10.1.1.153,206.159916ms,1.417µs
10.1.1.149,112.464959ms,666ns
10.1.1.154,101.931375ms,1.5µs
10.1.1.150,101.922208ms,666ns
10.1.1.153,79.421333ms,542ns
10.1.1.152,102.046625ms,1.709µs
10.1.1.151,91.059042ms,2.333µs
10.1.1.152,78.482583ms,2µs
10.1.1.151,87.612625ms,1.458µs
10.1.1.149,103.035041ms,2.208µs
10.1.1.149,52.797209ms,792ns
10.1.1.152,114.802917ms,1.708µs
10.1.1.154,81.112375ms,2.208µs
10.1.1.154,120.199958ms,750ns
10.1.1.153,94.739208ms,2.209µs
10.1.1.150,114.334083ms,1.542µs
10.1.1.150,95.105458ms,1.709µs
10.1.1.151,89.048875ms,1.666µs
10.1.1.149,177.9615ms,1.625µs
10.1.1.153,185.029291ms,1.833µs
10.1.1.154,83.053916ms,2.166µs
10.1.1.150,93.730583ms,1.208µs
10.1.1.149,86.546042ms,1.5µs
10.1.1.153,93.872208ms,1.875µs
10.1.1.152,81.930916ms,1.208µs
10.1.1.152,103.491ms,625ns
10.1.1.151,91.549916ms,1.625µs
10.1.1.149,70.264042ms,1.708µs
10.1.1.153,97.714333ms,417ns
10.1.1.150,87.589209ms,916ns
10.1.1.153,97.785041ms,875ns
10.1.1.151,109.549833ms,583ns
10.1.1.154,92.376708ms,2.125µs
10.1.1.149,74.284167ms,1.208µs
10.1.1.150,3.991345542s,1.083µs
10.1.1.154,87.911375ms,1.833µs
10.1.1.152,142.264917ms,458ns
10.1.1.150,90.154875ms,1.916µs
10.1.1.151,83.074958ms,875ns
10.1.1.153,62.686291ms,1.833µs
10.1.1.151,67.348333ms,667ns
10.1.1.151,64.040958ms,1.709µs
10.1.1.152,64.063833ms,667ns
10.1.1.152,102.712875ms,1.541µs
10.1.1.152,3.801226584s,667ns
10.1.1.154,82.163833ms,667ns
10.1.1.153,91.867459ms,708ns
10.1.1.149,64.230083ms,791ns
10.1.1.149,89.12475ms,1.709µs
10.1.1.154,88.920667ms,1.375µs
10.1.1.150,126.344292ms,1.541µs
10.1.1.154,131.022541ms,458ns
10.1.1.149,2.104860958s,1.959µs
10.1.1.150,2.911111625s,4.375µs
10.1.1.150,93.68175ms,1.458µs
10.1.1.152,87.083708ms,3µs
10.1.1.150,124.793ms,667ns
10.1.1.151,87.311417ms,750ns
10.1.1.153,77.18ms,833ns
10.1.1.151,67.786625ms,958ns
10.1.1.150,104.645875ms,1.083µs
10.1.1.153,148.188875ms,625ns
10.1.1.154,130.00725ms,541ns
10.1.1.149,110.698541ms,2.25µs
10.1.1.152,116.019708ms,1.75µs
10.1.1.149,95.41825ms,1.833µs
10.1.1.154,131.319083ms,834ns
10.1.1.153,149.140042ms,2.208µs
10.1.1.151,124.138ms,5.041µs
10.1.1.152,154.281958ms,1.667µs
10.1.1.150,195.646208ms,2µs
10.1.1.153,171.400375ms,1.708µs
10.1.1.154,187.291708ms,1.458µs
10.1.1.151,173.495167ms,2.208µs
10.1.1.149,201.852291ms,958ns
10.1.1.150,220.987917ms,5.667µs
10.1.1.154,184.173209ms,1.667µs
10.1.1.152,332.296417ms,708ns
10.1.1.152,249.515042ms,1.875µs
10.1.1.153,221.31675ms,2.125µs
10.1.1.149,247.58225ms,542ns
10.1.1.150,202.984583ms,1µs
10.1.1.149,192.281417ms,5.375µs
10.1.1.150,259.295458ms,2.458µs
10.1.1.151,228.605041ms,3.542µs
10.1.1.154,222.939917ms,541ns
10.1.1.152,184.12ms,1.459µs
10.1.1.151,228.425625ms,1.583µs
10.1.1.150,130.736083ms,1.708µs
10.1.1.153,183.074292ms,1.666µs
10.1.1.153,4.68734025s,1.667µs
10.1.1.149,183.474208ms,2.625µs
10.1.1.149,471.122375ms,1.833µs
10.1.1.152,137.976792ms,1.542µs
10.1.1.153,258.813584ms,1.375µs
10.1.1.152,285.59475ms,750ns
10.1.1.149,3.436116208s,1.583µs
10.1.1.154,208.441208ms,5.208µs
10.1.1.149,116.325041ms,583ns
10.1.1.153,150.576708ms,834ns
10.1.1.149,112.461958ms,1.667µs
10.1.1.151,150.562833ms,500ns
10.1.1.153,116.593458ms,7.833µs
10.1.1.153,133.050459ms,541ns
10.1.1.150,133.27425ms,3µs
10.1.1.151,131.906208ms,792ns
10.1.1.150,181.986834ms,1.958µs
10.1.1.154,155.693959ms,2.292µs
10.1.1.154,182.354541ms,458ns
10.1.1.152,153.326583ms,708ns
10.1.1.154,4.252723917s,7.083µs
10.1.1.150,115.154167ms,584ns
10.1.1.151,115.192666ms,1.167µs
10.1.1.149,141.990583ms,709ns
10.1.1.153,145.794542ms,1.292µs
10.1.1.150,4.364253958s,2.208µs
10.1.1.151,314.595917ms,833ns
10.1.1.152,145.781542ms,3.792µs
10.1.1.154,145.985959ms,1.625µs
10.1.1.154,145.92875ms,1.084µs
10.1.1.150,104.041041ms,2.292µs
10.1.1.149,106.569209ms,2.416µs
10.1.1.153,119.090292ms,1.833µs
10.1.1.151,124.595875ms,791ns
10.1.1.154,2.673986792s,1.25µs
10.1.1.149,5.162443166s,1.542µs
10.1.1.152,319.337083ms,583ns
10.1.1.152,221.076958ms,458ns
10.1.1.150,216.221417ms,1.875µs
10.1.1.151,193.304083ms,2.833µs
10.1.1.149,199.678375ms,1.625µs
10.1.1.154,238.814375ms,541ns
10.1.1.154,119.165667ms,1.958µs
10.1.1.150,2.898985958s,18.833µs
10.1.1.153,196.895583ms,750ns
10.1.1.153,278.437666ms,1.625µs
10.1.1.149,4.546047042s,2.166µs
10.1.1.150,4.546120458s,1.833µs
10.1.1.154,3.80009575s,2.667µs
10.1.1.152,4.500701417s,458ns
10.1.1.151,262.465958ms,1.459µs
10.1.1.150,282.186875ms,1.334µs
10.1.1.149,282.216ms,1.5µs
10.1.1.151,242.400292ms,1.416µs
10.1.1.152,265.940291ms,750ns
10.1.1.150,252.479041ms,541ns
10.1.1.153,311.839583ms,667ns
10.1.1.151,333.705ms,1.375µs
10.1.1.149,277.843958ms,791ns
10.1.1.152,277.865667ms,2.459µs
10.1.1.151,243.632375ms,1µs
10.1.1.150,328.533958ms,708ns
10.1.1.149,328.563834ms,625ns
10.1.1.153,151.145ms,458ns
10.1.1.154,159.549417ms,1.834µs
10.1.1.149,273.5675ms,1µs
10.1.1.152,329.236084ms,1.542µs
10.1.1.154,329.246834ms,459ns
10.1.1.152,175.916833ms,709ns
10.1.1.151,136.390541ms,1.458µs
10.1.1.154,198.456667ms,459ns
10.1.1.153,246.370334ms,91.792µs
10.1.1.154,3.841125167s,1.583µs
10.1.1.150,160.634334ms,1.959µs
10.1.1.150,328.415709ms,750ns
10.1.1.152,169.912375ms,1.834µs
10.1.1.154,5.075528834s,917ns
10.1.1.153,308.135375ms,2.25µs
10.1.1.149,297.950166ms,2.084µs
10.1.1.151,355.884083ms,8µs
10.1.1.150,219.440333ms,8.167µs
10.1.1.149,329.075083ms,13.5µs
10.1.1.154,371.575208ms,2.208µs
10.1.1.150,286.9325ms,2.5µs
10.1.1.153,298.558167ms,4.875µs
10.1.1.149,304.071625ms,1.791µs
10.1.1.150,317.054375ms,5.208µs
10.1.1.150,304.274625ms,1.708µs
10.1.1.153,277.568542ms,1.417µs
10.1.1.153,383.109875ms,875ns
10.1.1.151,329.6745ms,792ns
10.1.1.154,338.013083ms,2.883792ms
10.1.1.150,4.943556417s,1.291µs
10.1.1.154,424.766958ms,1.958µs
10.1.1.153,131.060958ms,2.792µs
10.1.1.150,289.999084ms,2.292µs
10.1.1.151,377.320333ms,4.334µs
10.1.1.149,311.099625ms,1.709µs
10.1.1.152,450.189875ms,1.833µs
10.1.1.154,344.410333ms,875ns
10.1.1.150,116.673542ms,834ns
10.1.1.151,320.456166ms,1.958µs
10.1.1.152,427.356042ms,2.625µs
10.1.1.154,3.734959875s,5.334µs
10.1.1.151,192.372125ms,709ns
10.1.1.149,302.566958ms,1.5µs
10.1.1.154,377.080583ms,1.125µs
10.1.1.149,426.997ms,2.334µs
10.1.1.152,168.898583ms,542ns
10.1.1.154,197.034125ms,1.667µs
10.1.1.153,212.983375ms,1.541µs
10.1.1.153,189.99925ms,458ns
10.1.1.150,224.307084ms,1.791µs
10.1.1.152,274.660667ms,458ns
10.1.1.150,253.161875ms,1.042µs
10.1.1.149,297.634416ms,1.125µs
10.1.1.149,289.0885ms,1.584µs
10.1.1.152,268.238792ms,2.458µs
10.1.1.151,267.109458ms,4.959µs
10.1.1.150,684.351375ms,1.042µs
10.1.1.151,793.889417ms,542ns
10.1.1.149,685.715291ms,959ns
10.1.1.149,706.4125ms,958ns
10.1.1.154,685.923167ms,1.291µs
10.1.1.153,711.12225ms,833ns
10.1.1.153,711.064042ms,1.833µs
10.1.1.151,711.432416ms,791ns
10.1.1.152,3.940738625s,1.417µs
10.1.1.154,714.471208ms,1.792µs
10.1.1.151,965.514917ms,517.125µs
10.1.1.151,319.323167ms,1.292µs
10.1.1.149,893.839709ms,2.208µs
10.1.1.154,1.121028417s,459ns
10.1.1.151,364.108292ms,1.833µs
10.1.1.150,1.017106208s,875ns
10.1.1.152,1.028607792s,3.75µs
10.1.1.149,824.281958ms,1.291µs
10.1.1.153,1.067892875s,11.125µs
10.1.1.149,929.29575ms,667ns
10.1.1.150,1.101924125s,2.25µs
10.1.1.151,961.810042ms,1.583µs
10.1.1.153,1.164955917s,2.542µs
10.1.1.152,198.195083ms,2.208µs
10.1.1.152,1.270526875s,2.416µs
10.1.1.151,215.872417ms,1.209µs
10.1.1.153,199.789041ms,3.292µs
10.1.1.154,1.1011655s,3.208µs
10.1.1.154,228.34775ms,2.833µs
10.1.1.151,221.011416ms,1.667µs
10.1.1.150,254.380916ms,958ns
10.1.1.149,208.889458ms,2.208µs
10.1.1.153,84.593042ms,1.75µs
10.1.1.154,95.521458ms,708ns
10.1.1.151,96.5085ms,500ns
10.1.1.149,366.031375ms,6.083µs
10.1.1.149,126.601333ms,1.875µs
10.1.1.150,119.505083ms,1.792µs
10.1.1.153,435.696ms,2.334µs
10.1.1.152,167.650833ms,2.209µs
10.1.1.152,320.328667ms,2.166µs
10.1.1.151,6.430406667s,1.666µs
10.1.1.152,1.449739334s,1.708µs
10.1.1.154,794.546625ms,1.458µs
10.1.1.150,429.853125ms,917ns
10.1.1.149,3.795578666s,1.125µs
10.1.1.154,4.561826958s,1.542µs
10.1.1.152,1.328226042s,3.833µs
10.1.1.153,6.582899167s,834ns
10.1.1.154,5.56348075s,1.084µs
10.1.1.154,6.670205916s,500ns
10.1.1.149,5.580051s,2.083µs
10.1.1.153,5.926164083s,500ns
10.1.1.153,5.061418084s,458ns
10.1.1.151,5.215337s,625ns
10.1.1.150,4.198519s,3.75µs
10.1.1.154,6.136299583s,1.625µs
10.1.1.154,1.889149542s,2.333µs
10.1.1.154,1.112717792s,1.917µs
10.1.1.152,2.557443541s,1.25µs
10.1.1.152,1.4813945s,708ns
10.1.1.151,2.532265167s,2.083µs
10.1.1.153,1.527037208s,1.834µs
10.1.1.153,1.482903542s,3.625µs
10.1.1.154,2.173385708s,2.167µs
10.1.1.151,1.53136875s,1.583µs
10.1.1.149,2.759232334s,500ns
10.1.1.152,2.986025625s,500ns
10.1.1.152,2.603686959s,708ns
10.1.1.149,1.6019645s,1.834µs
10.1.1.150,2.21319025s,5.167µs
10.1.1.154,2.895636083s,2.125µs
10.1.1.150,1.631667708s,6.625µs
10.1.1.152,2.666659541s,1.375µs
10.1.1.154,2.771102125s,667ns
10.1.1.150,2.121243417s,5.459µs
10.1.1.152,1.665957291s,1.375µs
10.1.1.153,2.744553083s,1.625µs
